,store,sido,gungu,address,phone
0,가경동점,충청북도,청주시흥덕구,충청북도 청주시흥덕구 풍산로 103(복대동),043-233-4091
1,가남점,경기도,여주시,경기도 여주시 가남면 태평중앙1길 8-6,031-883-5746
2,가래비점,경기도,양주시,경기도 양주시 광적면 가래비길 24,031-855-6126
3,가마점,충청북도,청주시서원구,"충청북도 청주시서원구 남이면 청남로 1827-25, 1층",043-287-2003
4,가수원점,대전광역시,서구,대전광역시 서구 가수원동 774-18,042-541-1350
5,가오점,대전광역시,동구,대전광역시 동구 가오동 533,042-284-0391
6,가운점,경기도,남양주시,경기도 남양주시 가운로2길 63 가운동삼원프라자 105호,031-557-9222
7,가장점,대전광역시,서구,대전광역시 서구 가장동 40-40,042-532-1140
8,가정지구1점,인천광역시,서구,인천광역시 서구 봉오재2로 37 104호,032-567-5885
9,가좌3점,인천광역시,서구,인천광역시 서구 가석로156번길 23-1,032-575-8999
10,가평역전점,경기도,가평군,경기도 가평군 가평읍 굴다리길 13,031-582-5242
11,가평점,경기도,가평군,경기도 가평군 가평읍 가화로 125-1,031-582-4419
12,가흥점,경상북도,영주시,경상북도 영주시 가흥동 530 시영상가 나동 102호,054-634-2500
13,각화주공점,광주광역시,북구,광주광역시 북구 각화동 202번지 주공@상가 107호,062-264-8529
14,간성점,강원도,고성군,강원도 고성군 간성읍 간성로 45,033-681-3330
15,간현점,강원도,원주시,강원도 원주시 지정면 간현로 188,033-731-0887
16,갈곶원동점,경기도,오산시,경기도 오산시 오산로 68(갈곶동),031-372-3573
17,갈마점,대전광역시,서구,대전광역시 서구 갈마로 60(갈마동),042-531-9962
18,갈산점,인천광역시,부평구,인천광역시 부평구 갈산동 364-4,032-522-9292
19,갈산점(이천),경기도,이천시,"경기도 이천시 갈산로 81(갈산동, 102)",031-638-8320
20,갈산점(홍성),충청남도,홍성군,충청남도 홍성군 갈산면 상촌리 243-12,041-634-1881
21,감곡점,충청북도,음성군,충청북도 음성군 감곡면 장감로 142,043-881-3903
22,감삼점,대구광역시,달서구,대구광역시 달서구 두류3동 630-1,053-562-9929
23,강경점,충청남도,논산시,충청남도 논산시 강경읍 대흥리 19-3,041-745-1206
24,강구점,경상북도,영덕군,경상북도 영덕군 강구면 강구리 453번지,054-733-5544
25,강남구청점,서울특별시,강남구,서울특별시 강남구 삼성로119길 41. 1층(삼성동),02-515-3576
26,강남대점,경기도,용인시기흥구,경기도 용인시기흥구 강남동로 114번길 22,031-284-9292
27,강남점,대구광역시,동구,대구광역시 동구 신암로16길 2,053-941-2510
28,강릉교동점,강원도,강릉시,강원도 강릉시 강릉대로 269 (교동),033-642-9800
29,강릉대점,강원도,강릉시,강원도 강릉시  율곡초교길39번  23(교동),033-645-6288
30,강릉서부점,강원도,강릉시,강원도 강릉시 임영로 170-3(임당동),033-641-1930
31,강릉옥계점,강원도,강릉시,강원도 강릉시  옥계면 현내시장길 59,033-534-2587
32,강릉옥천동점,강원도,강릉시,강원도 강릉시  경강로 2166,033-642-1532
33,강릉유천점,강원도,강릉시,강원도 강릉시  선수촌로 63번길 5 우미린상가106,033-641-8494
34,강북점,대구광역시,북구,대구광역시 북구 읍내동 803-1,053-322-5090
35,강상점,경기도,양평군,"경기도 양평군 강상면 강남로 922, 107호",031-775-8259
36,강서점,충청북도,청주시흥덕구,충청북도 청주시흥덕구 가로수로1154 5-12(강서동),043-232-5254
37,강선점,경기도,고양시일산서구,경기도 고양시일산서구 강선로 67번지 유원상가 103호,031-912-5558
38,강진점,전라남도,강진군,전라남도 강진군 강진읍 탐진로 76-1,061-433-8292
39,강화1점,인천광역시,강화군,인천광역시 강화군 강화읍 강화대로403번길 5,032-933-3153
40,강화2점,인천광역시,강화군,인천광역시 강화군 강화읍 남산리 39-1,032-934-9200
41,개군점,경기도,양평군,경기도 양평군 개군면 하자포길 35,031-772-4612
42,개금점,부산광역시,부산진구,부산광역시 부산진구 개금3동 18,051-897-6061
43,개봉1점,서울특별시,구로구,"서울특별시 구로구 개봉로11길 13, 1층 3호(개봉동)",02-2688-9292
44,개신점,충청북도,청주시서원구,충청북도 청주시서원구 장구봉로 130 1층,043-218-9292
45,개운점,강원도,원주시,강원도 원주시 송림길 48-10(개운동),033-761-2592
46,개포2점,서울특별시,강남구,서울특별시 강남구 선릉로6길 12. 1층(개포동),02-575-2405
47,개포3점,서울특별시,강남구,서울특별시 강남구 개포로22길 23. 지상1층(개포동),02-575-8993
48,거모점,경기도,시흥시,경기도 시흥시 도일로 100-3,031-492-8222
49,거제상동점,경상남도,거제시,"경상남도 거제시 상동1길 15-9(상동동, 320동 103호)",055-636-0588
50,거창점,경상남도,거창군,경상남도 거창군 거창읍 중앙로 52-1,055-945-2765
51,건등점,강원도,원주시,"강원도 원주시 문막읍 왕건로 96, 지하1층",033-734-7282
52,건영점,경기도,고양시일산서구,경기도 고양시일산서구 성저로 110번지,031-915-9292
53,건천점,경상북도,경주시,"경상북도 경주시 건천읍 내서로 1126, 101",054-751-3510
54,검암경서점,인천광역시,서구,인천광역시 서구 검암동 643-2 우주프라자 104,032-565-7768
55,경기송산점,경기도,화성시,경기도 화성시 수노을1로191 상가3동 105호,031-356-7877
56,경남고성점,경상남도,고성군,경상남도 고성군 고성읍 송학리 263-7,055-673-6633
57,경남금산점,경상남도,진주시,경상남도 진주시 금산면 금산로 101,055-763-9299
58,경남단계점,경상남도,산청군,경상남도 산청군 신등면 신등가회로 15,055-972-3018
59,경남사천점,경상남도,사천시,경상남도 사천시 사천읍 정의1길 16,055-852-3197
60,경남양산점,경상남도,양산시,경상남도 양산시 중앙로 111 1층,055-385-5329
61,경복점,서울특별시,강남구,"서울특별시 강남구 봉은사로43길 8, 1층 102호(논현동)",02-3448-9999
62,경안점,경기도,광주시,경기도 광주시 중앙로 179 (송정동),031-762-0415
63,경포대점,강원도,강릉시,강원도 강릉시  해안로 501 ,033-644-1600
64,계산1점,인천광역시,계양구,인천광역시 계양구 계산2동 933-25,032-543-4195
65,계양1동점,인천광역시,계양구,인천광역시 계양구 황어로115번길 10,032-512-9876
66,고강1점,경기도,부천시오정구,경기도 부천시오정구 원종동 238-10,032-673-2342
67,고강2점,경기도,부천시오정구,경기도 부천시오정구 고강동 399,032-671-1980
68,고담리점,경기도,이천시,경기도 이천시 대월면 대산로288번길 72,031-637-6683
69,고대점,충청남도,당진시,충청남도 당진시 고대면 고대로 47,041-352-8295
70,고덕역점,서울특별시,강동구,서울특별시 강동구 고덕1동 643-2,02-428-0777
71,고덕점,충청남도,예산군,충청남도 예산군 고덕면 용고길 353,041-337-8319
72,고매리점,경기도,용인시기흥구,경기도 용인시기흥구 고매동 722-2,031-286-4296
73,고북점,충청남도,서산시,충청남도 서산시 고북면 기포리 300-2,041-663-1956
74,고색점,경기도,수원시권선구,"경기도 수원시권선구 매송고색로 687, 1층",031-292-1833
75,고은점,충청북도,청주시상당구,충청북도 청주시상당구 남일면 단재로 730-1,043-293-8592
76,고잔2점,경기도,안산시단원구,경기도 안산시단원구 고잔동 733-1 104,031-414-9070
77,고잔점,경기도,안산시단원구,경기도 안산시단원구 고잔동 612 문화연립상가동 110,031-401-1452
78,고척동점,서울특별시,구로구,서울특별시 구로구 고척2동 164-41,02-2685-0223
79,고천점,경기도,의왕시,"경기도 의왕시 효행로 44(오전동, 의왕빌딩3호)",031-454-0055
80,고한점,강원도,정선군,강원도 정선군 고한읍 고한로 151-1,033-591-8212
81,곡반정점,경기도,수원시권선구,"경기도 수원시권선구 곡선로50번길 48/107(곡반정동,현대@상가)",031-234-9266
82,곤명점,경상남도,사천시,경상남도 사천시 곤명면 정곡리 843-9,055-853-8382
83,곤지암점,경기도,광주시,"경기도 광주시 곤지암읍 곤지암로50번길, 25",031-762-3660
84,공덕동점,서울특별시,마포구,서울특별시 마포구 공덕동 111-187,02-707-1371
85,공덕역점,서울특별시,마포구,"서울특별시 마포구 마포대로11길 75 102 (공덕동, 공덕현대아파트상가)",02-704-0401
86,공도점,경기도,안성시,경기도 안성시 공도읍 고무다리길 10-1,031-653-9441
87,공릉철길공원점,서울특별시,노원구,서울특별시 노원구 동일로184길 69. 1층(공릉동),02-978-9222
88,공성점,경상북도,상주시,경상북도 상주시 공성면 옥산리 290-8,054-535-5000
89,공주산성동점,충청남도,공주시,충청남도 공주시 산성찬호길 1(산성동),041-854-1215
90,공주중동점,충청남도,공주시,충청남도 공주시 웅진로 140(중동),041-852-8850
91,과학단지점,충청북도,청주시청원구,충청북도 청주시청원구 오창읍 오창중앙로 94,043-900-8292
92,관기점,충청북도,보은군,충청북도 보은군 마로면 관기송현로 95-1,043-542-9222
93,관산점,경기도,고양시덕양구,경기도 고양시덕양구 통일로802번길 71,031-963-2740
94,관양1점,경기도,안양시동안구,경기도 안양시동안구 관양동 1397-1 1층 101,031-388-5259
95,관음점,대구광역시,북구,대구광역시 북구 관음동 1319-11,053-321-7855
96,관저1점,대전광역시,서구,대전광역시 서구 관저동 981 원앙쇼핑109호,042-544-9292
97,관저2점,대전광역시,서구,대전광역시 서구 관저동 1137-1 구봉5단지상가 103호,042-544-9922
98,광교점,경기도,수원시영통구,"경기도 수원시영통구 대학1로 8번길 59, 1층103호(이의동)",031-214-1688
99,광나루점,서울특별시,광진구,"서울특별시 광진구 아차산로78길 165, 1층 102호(광장동)",02-455-5111
100,광릉내점,경기도,남양주시,경기도 남양주시 진접읍 광릉내로 83,031-527-9300
101,광명1점,경기도,광명시,경기도 광명시 오리로 937,02-2688-7025
102,광명2점,경기도,광명시,경기도 광명시 광명동 348-20,02-2681-4280
103,광명역점,경기도,광명시,"경기도 광명시 신기로17번길 6, 1층102호(일직동,케이스퀘어)",02-898-1618
104,광산점,광주광역시,광산구,광주광역시 광산구 송정동 792-14,062-941-0550
105,광안점,부산광역시,수영구,부산광역시 수영구 무학로33번길 55,051-753-8989
106,광양점,전라남도,광양시,전라남도 광양시 광양읍 인서중앙길 43,061-762-2828
107,광장동점,서울특별시,광진구,서울특별시 광진구 구의동 203-24,02-455-4566
108,광주점,경기도,광주시,경기도 광주시 문화로 6(역동),031-763-6311
109,광주지사, ,,,
110,광천점,충청남도,홍성군,충청남도 홍성군 광천읍 광천리 244-7,041-642-0008
111,광탄점,경기도,파주시,경기도 파주시 광탄면 혜음로 1127-1,031-947-3171
112,광혜원점,충청북도,진천군,충청북도 진천군 광혜원면 화랑5길 8,043-535-2170
113,괘법점,부산광역시,사상구,부산광역시 사상구 광장로37번길 71,051-908-3998
114,괴산점,충청북도,괴산군,"충청북도 괴산군 괴산읍 읍내로11번길, 8-5",043-833-0444
115,괴안1점,경기도,부천시소사구,"경기도 부천시소사구 부광로8번길 39,104(괴안동)",032-343-4885
116,괴정1점,대전광역시,서구,대전광역시 서구 괴정동 130-3,042-526-3222
117,교대앞점,강원도,춘천시,강원도 춘천시 공지로 111 ,033-262-9355
118,교대역점,서울특별시,서초구,서울특별시 서초구 서초동 1640-1 1층,02-585-4066
119,교하신도시점,경기도,파주시,경기도 파주시 숲속노을로 300,031-942-9272
120,구곡현대점,강원도,원주시,강원도 원주시 남원로 492-14(단구동1576-3),033-764-9291
121,구래점,경기도,김포시,경기도 김포시 김포한강9로 121,031-983-2153
122,구례점,전라남도,구례군,전라남도 구례군 구례읍 중앙로 35,061-782-8838
123,구로2동점,서울특별시,구로구,서울특별시 구로구 구로2동 726-32,02-854-1929
124,구리남점,경기도,구리시,경기도 구리시 안골로20번길 28,031-569-9292
125,구미송정점,경상북도,구미시,경상북도 구미시 송정동 465-1,054-443-8592
126,구미옥계점,경상북도,구미시,경상북도 구미시 흥안로1길 6-3,054-473-0192
127,구반월점,경기도,안산시상록구,경기도 안산시상록구 건건동 632-4 1층,031-502-1140
128,구산점,경상남도,김해시,경상남도 김해시 구산로 32-1,055-326-4470
129,구성마북점,경기도,용인시기흥구,경기도 용인시기흥구 연원로 5(마북동),031-286-3854
130,구암점,전라북도,군산시,전라북도 군산시 서당길 11(구암동),063-443-3396
131,구운점,경기도,수원시권선구,"경기도 수원시권선구 구운로32, 1층(구운동)",031-292-6310
132,구월1동점,인천광역시,남동구,인천광역시 남동구 구월동 1217-2 103호,032-471-2484
133,구의동점,서울특별시,광진구,서울특별시 광진구 자양로 322 (구의동),02-455-6200
134,구포점,부산광역시,북구,부산광역시 북구 구포동 391-9,051-337-5552
135,군남점,경기도,연천군,경기도 연천군 군남면 군남로 115,031-833-3355
136,군산금호점,전라북도,군산시,전라북도 군산시 나운동 489 금호타운상가 108,063-465-7546
137,군위점,경상북도,군위군,경상북도 군위군 군위읍 서부리 57-1,054-382-3392
138,군자11점,경기도,안산시단원구,경기도 안산시단원구 선부동 1078-4 가동상가 110,031-402-3842
139,군포당동점,경기도,군포시,"경기도 군포시 군포로510번길 25(당동, 당동누리에뜰해밀제1층118호)",031-454-8174
140,궁동점(대전),대전광역시,유성구,대전광역시 유성구 궁동 404-7,042-823-2223
141,권선점,경기도,수원시권선구,경기도 수원시권선구 세권로 181번 13(권선동),031-233-8735
142,궐동대우점,경기도,오산시,경기도 오산시 청학로 173번길 18(수청동),031-375-1486
143,근화점,전라남도,목포시,전라남도 목포시 산정로 268-3,061-272-3294
144,금곡점,경기도,남양주시,경기도 남양주시 금곡로 49,031-592-7921
145,금산2점,충청남도,금산군,충청남도 금산군 금산읍 중도리 391-4,041-751-0152
146,금암점,전라북도,전주시덕진구,전라북도 전주시덕진구 조경단로 44,063-254-6525
147,금오점,경기도,의정부시,경기도 의정부시 금신로 398,031-847-3528
148,금왕점,충청북도,음성군,충청북도 음성군 금왕읍 탑골길 18,043-878-1330
149,금장점,경상북도,경주시,경상북도 경주시 현곡면 금장리 410 삼성APT상가 나동 103,054-775-8969
150,금촌주공점,경기도,파주시,경기도 파주시 가나무로 103,031-943-9955
151,금호동점,광주광역시,서구,광주광역시 서구 금호동 815 호반리젠시빌 상가,062-682-3392
152,금호로타리점,서울특별시,성동구,서울특별시 성동구 무수막길 89-2,02-2234-4870
153,금호역점,서울특별시,성동구,서울특별시 성동구 금호동3가 1394-3,02-2238-6777
154,기계점,경상북도,포항시북구,경상북도 포항시북구 기계면 현내리 407-3번지,054-243-1820
155,기아점,경기도,광명시,경기도 광명시 소하동 1236-7,02-898-1951
156,기업도시점(원주),강원도,원주시,강원도 원주시 지정면 신지정로295,033-744-7310
157,기업도시점(충주),충청북도,충주시,충청북도 충주시 중앙탑면 원앙9길 15 ,043-842-7755
158,기장점,부산광역시,기장군,부산광역시 기장군 기장읍 대라리 129-1,051-722-9292
159,기지시점,충청남도,당진시,충청남도 당진시 송악읍 기지시리 161-1,041-356-1901
160,길동3점,서울특별시,강동구,"서울특별시 강동구 천호대로185길 89(길동, 1층)",02-470-3580
161,길음점,서울특별시,성북구,서울특별시 성북구 길음로 74 길음뉴타운5단지 2-105,02-914-7777
162,김해내동점,경상남도,김해시,경상남도 김해시 평전로 154(내동),055-337-5686
163,김해중앙점,경상남도,김해시,경상남도 김해시 부원동 603-7,055-328-9282
164,까치산점,서울특별시,강서구,서울특별시 강서구 화곡8동 342-7 1층 102,02-2696-2705
165,꼬꼬점,경상북도,포항시북구,경상북도 포항시북구 칠성천길 98,054-242-9291
166,꿈.연화점,경기도,부천시원미구,경기도 부천시원미구 옥산로 86,032-657-1008
167,낙성대1점,서울특별시,관악구,서울특별시 관악구 봉천11동 1642-7,02-877-6451
168,난곡점,서울특별시,관악구,서울특별시 관악구 문성로16가길 43,02-859-7272
169,남목점,울산광역시,동구,울산광역시 동구 동해안로 40-2(동부동),052-234-3310
170,남부점,강원도,원주시,강원도 원주시 남원로 617-2(명륜동),033-762-3727
171,남양주도곡점,경기도,남양주시,경기도 남양주시 와부읍 덕소로 194-14,031-577-9229
172,남원노암점,전라북도,남원시,"전라북도 남원시 노암동 260, 한신아파트상가 102호",063-632-3181
173,남원점,제주특별자치도,서귀포시,제주특별자치도 서귀포시 남원읍 남원리 100-1,064-764-8292
174,남창덕신점,울산광역시,울주군,울산광역시 울주군 온양읍 대안리 411-4,052-238-1030
175,남촌점,경기도,오산시,경기도 오산시 성호대로 24-1(오산동),031-375-7337
176,남해점,경상남도,남해군,경상남도 남해군 남해읍 서변리 149-1,055-862-1400
177,내곡동점,강원도,강릉시,강원도 강릉시 관대길 70,033-643-2808
178,내동2점,대전광역시,서구,대전광역시 서구 내동 160-19,042-527-3111
179,내동점,경기도,부천시오정구,경기도 부천시오정구 삼작로96번길 21(내동),032-675-9601
180,내면점,강원도,홍천군,강원도 홍천군 내면읍 창촌로 48,033-432-0418
181,내포1점,충청남도,홍성군,충청남도 홍성군 홍북면 애향2길 2,041-634-8685
182,노암점,강원도,강릉시,강원도 강릉시 노가니길 1(노암동),033-647-8592
183,노은반석점,대전광역시,유성구,"대전광역시 유성구 노은서로266번 77, 104호(지상1층)",042-826-9282
184,노학점,강원도,속초시,강원도 속초시 교동로  55(교동),033-636-5592
185,녹양점,경기도,의정부시,"경기도 의정부시 비우로20번길 29(가능동,지상1층)",031-879-9982
186,논산2점,충청남도,논산시,충청남도 논산시 취암동 610-2,041-733-2396
187,논산대교점,충청남도,논산시,충청남도 논산시 대교동 250-14,041-733-9955
188,논산주공점,충청남도,논산시,"충청남도 논산시 논산대로 348번길 7, 상가-101(취암동,주공아파트)",041-733-5892
189,논현동점,서울특별시,강남구,"서울특별시 강남구 강남대로128길 27(논현동, 지상1층 102호)",02-515-5770
190,농암점,경상북도,문경시,경상북도 문경시 농암면 청암2길 10,054-571-3020
191,능곡점,경기도,고양시덕양구,경기도 고양시덕양구 토당로78번길 7-10(토당동),031-974-7747
192,능주점,전라남도,화순군,전라남도 화순군 능주면 죽수길50,061-373-3245
193,다인점,경상북도,의성군,경상북도 의성군 다인면 서릉길 59,054-861-9988
194,단계점,강원도,원주시,강원도 원주시 원문로 85 1층(학성동),033-731-9292
195,단계택지점,강원도,원주시,강원도 원주시 금불3길 34(단계동),033-743-6586
196,단관점,강원도,원주시,강원도 원주시 단관길 163(관설동),033-763-9289
197,단구점,강원도,원주시,강원도 원주시 치악로 1629 (단구동),033-763-8929
198,단월동점,경기도,이천시,경기도 이천시 단월로 29(단월동),031-634-4547
199,달동1점,울산광역시,남구,울산광역시 남구 달동 1329-9,052-273-9292
200,달동2점,울산광역시,남구,"울산광역시 남구 번영로107번길 3, 203(달동, 주공아파트)",052-269-9959
201,달전점,경상북도,포항시북구,경상북도 포항시북구 흥해읍 도음로877번길 9 삼도미래타운106-106,054-262-4200
202,답십리점,서울특별시,동대문구,"서울특별시 동대문구 전농로3길 52-2, 1층(답십리동)",02-2247-4880
203,당감점,부산광역시,부산진구,부산광역시 부산진구 당감동 739-10,051-898-3392
204,당북점,경상북도,안동시,경상북도 안동시 대안로 65-2,054-842-7474
205,당산동점,서울특별시,영등포구,서울특별시 영등포구 영중로 114 (영등포동8가),02-2671-5559
206,당수동점,경기도,수원시권선구,경기도 수원시권선구 당진로 14번길 57 상가 105(당수동),031-419-8450
207,당진1점,충청남도,당진시,충청남도 당진시 당진중앙2로 54-5,041-352-9999
208,당진2점,충청남도,당진시,충청남도 당진시 무수동로 195,041-357-8966
209,당진3점,충청남도,당진시,충청남도 당진시 원당로 55(원당동),041-355-4343
210,당진신평점,충청남도,당진시,충청남도 당진시 신평면 신평로 827,041-362-9288
211,대강점,충청북도,단양군,충청북도 단양군 대강면 대강로 59-1,043-421-3392
212,대고점,대전광역시,중구,"대전광역시 중구 테미로 31-1(대흥동, 1층)",042-256-6213
213,대광리점,경기도,연천군,경기도 연천군 신서면 도대로 3번길 33호,031-834-8009
214,대구고성점,대구광역시,서구,대구광역시 서구 원대로13길 16,053-354-9901
215,대구남산점,대구광역시,중구,대구광역시 중구 남산로2길 13(남산동),053-255-5417
216,대구대명점,대구광역시,남구,대구광역시 남구 두류공원로17길 48 (지하1층),053-656-9515
217,대구상동점,대구광역시,수성구,대구광역시 수성구 중동 502-3,053-761-3430
218,대구서문점,대구광역시,서구,대구광역시 서구 비산동 280-8,053-257-7235
219,대구송정점,대구광역시,동구,대구광역시 동구 반야월로 379(신서동),053-964-5592
220,대구신당점,대구광역시,달서구,대구광역시 달서구 신당동 1808-5,053-584-3800
221,대구지사, ,,,
222,대구지산점,대구광역시,수성구,대구광역시 수성구 용학로35길 17,053-783-7890
223,대림동산점,경기도,안성시,경기도 안성시 공도읍 양기리567-1,031-658-9192
224,대림역점,서울특별시,구로구,서울특별시 구로구 구로중앙로8길 17,02-867-8292
225,대림점,서울특별시,영등포구,서울특별시 영등포구 대림로34길 14-1,02-842-4747
226,대명계대점,대구광역시,남구,대구광역시 남구 대명동 1899-2,053-219-9992
227,대방동점,서울특별시,동작구,서울특별시 동작구 대방동 23-128,02-826-2282
228,대봉점,대구광역시,중구,대구광역시 중구 대봉동 121-241,053-426-5822
229,대산점,충청남도,서산시,충청남도 서산시 대산읍 대산리 214-10,041-664-9400
230,대소점,충청북도,음성군,충청북도 음성군 대소면 오태로99번길 12-4,043-881-8508
231,대송점,울산광역시,동구,울산광역시 동구 화정동 164-11,052-236-3333
232,대신점,경기도,여주시,경기도 여주시 대신면 여양로 1456-4,031-884-3669
233,대연점,부산광역시,남구,부산광역시 남구 천제등로28번길 50,051-612-1186
234,대우점,인천광역시,부평구,인천광역시 부평구 산곡동 26-44 1층,032-523-7425
235,대전용문점,대전광역시,서구,대전광역시 서구 괴정동 425-16,042-524-8030
236,대전지사, ,,,
237,대전터미널점,대전광역시,동구,대전광역시 동구 동서대로1695번길 106,042-631-0666
238,대조동점,서울특별시,은평구,서울특별시 은평구 역말로9길 40-1. 1층(대조동),02-355-6360
239,대진점,강원도,고성군,강원도 고성군 현내면 한나루로 112-1,033-682-0303
240,대치동점,서울특별시,강남구,서울특별시 강남구 남부순환로 2917 (1층 108호),02-562-4005
241,대학로점,강원도,삼척시,강원도 삼척시 대학로 45(당저동),033-573-4298
242,대화장성점,경기도,고양시일산서구,경기도 고양시일산서구 호수로 838번지 22,031-916-1233
243,대화점(강원),강원도,평창군,강원도 평창군 대화면 대화3길 46,033-333-2001
244,덕산점,충청북도,진천군,충청북도 진천군 덕산면 덕금로 809,043-536-5888
245,덕절리점,경기도,화성시,경기도 화성시 정남면 발안로 1177,031-373-2660
246,덕정점,경기도,양주시,경기도 양주시 덕정길 23,031-858-2281
247,덕천점,경기도,안양시만안구,경기도 안양시만안구 덕천로128번길 18(안양동),031-444-0406
248,덕풍동점,경기도,하남시,"경기도 하남시 신장동 430-7 성원쌍떼빌 104호, 105호",031-793-9922
249,도고점,충청남도,아산시,충청남도 아산시 도고면 신언리 96-10,041-544-8746
250,도구점,경상북도,포항시남구,경상북도 포항시남구 동해면 일월로 116,054-286-2970
251,도당점,경기도,부천시원미구,경기도 부천시원미구 도당동 284-15 1층,032-677-7500
252,도련점,제주특별자치도,제주시,"제주특별자치도 제주시 삼봉로 115, 미듬하나로맨션상가 103",064-751-9282
253,도림주공점,인천광역시,남동구,인천광역시 남동구 논고개로 299,032-434-8292
254,도립대점,강원도,강릉시,강원도 강릉시  주문진읍 연주로 261-1,033-661-7282
255,도마점,대전광역시,서구,대전광역시 서구 도마1동 129-30,042-522-0704
256,도봉점,서울특별시,도봉구,"서울특별시 도봉구 도봉로164길 10(도봉동, 1층)",02-955-8695
257,도안지구점,대전광역시,유성구,대전광역시 유성구 원신흥남로11번 6-22 (102호),042-822-9283
258,도영점,강원도,원주시,강원도 원주시 남원로 527번길 6-34(명륜동),033-762-8668
259,도평점,경기도,광주시,경기도 광주시 초월읍 현산로 89-6,031-768-9266
260,도화동점,서울특별시,마포구,서울특별시 마포구 도화동 268,02-702-2122
261,독립문점,서울특별시,종로구,서울특별시 종로구 통일로 222(교북동),02-722-9916
262,독산1점,서울특별시,금천구,"서울특별시 금천구 가산로 80-2, 지상1층(독산동)",02-853-0580
263,독산3점,서울특별시,금천구,서울특별시 금천구 독산로 319 (독산동),02-867-1780
264,동광양점,전라남도,광양시,전라남도 광양시 중마로 201,061-795-8952
265,동대동점,충청남도,보령시,충청남도 보령시 작은오랏2길 60-6,041-936-8865
266,동두천역전점,경기도,동두천시,경기도 동두천시 생연로 120,031-862-2973
267,동두천터미널점,경기도,동두천시,경기도 동두천시 중앙로265번길 15(생연동),031-862-7853
268,동명동점,강원도,속초시,강원도 속초시 번영로105번길 19(동명동),033-631-2530
269,동명점,경상북도,칠곡군,경상북도 칠곡군 동명면 봉암1길 7,054-976-4840
270,동문점,경기도,용인시수지구,경기도 용인시수지구 수풍로 53(풍덕천동),031-261-5191
271,동보점,강원도,원주시,강원도 원주시 진광길 30(우산동),033-744-9028
272,동삼점,부산광역시,영도구,부산광역시 영도구 태종로 688-2(동삼동),051-405-3377
273,동송점,강원도,철원군,강원도 철원군 동송읍 금학로 232,033-455-4490
274,동아점,경기도,고양시일산동구,경기도 고양시일산동구 강송로 196 동아아파트상가 1-3,031-902-0203
275,동암남점,인천광역시,부평구,인천광역시 부평구 경인로701번길 43 1층,032-421-8180
276,동인점,대구광역시,중구,대구광역시 중구 동인동3가 238-2,053-426-5711
277,동천동점,경기도,용인시수지구,경기도 용인시수지구 고기로45번길 58 동문그린아파트 상가101호,031-262-9759
278,동천점,경상북도,경주시,경상북도 경주시 탈해로47번길 6-4,054-773-7731
279,동촌점,대구광역시,동구,대구광역시 동구 검사동 960-170,053-985-6603
280,동탄1점,경기도,화성시,"경기도 화성시 동탄지성로 150-9(능동,상가101호)",031-613-0092
281,동탄2점,경기도,화성시,경기도 화성시 동탄면 중리 동탄청계로 303-14,031-372-4030
282,동탄반송점,경기도,화성시,"경기도 화성시 노작로3길 22,1층 일부호(반송동)",031-8003-2333
283,동탄영천점,경기도,화성시,경기도 화성시 동탄대로24가길 27 상가103호,031-377-0200
284,동해점,강원도,동해시,강원도 동해시 천곡2길 4(천곡동),033-532-3325
285,두구동점,부산광역시,금정구,부산광역시 금정구 두구동 230-3,051-508-0032
286,두정점,충청남도,천안시서북구,"충청남도 천안시서북구 부성6길 23(두정동, 중앙프라자상가105호)",041-556-9933
287,두호점,경상북도,포항시북구,경상북도 포항시북구 두호동 205-26,054-252-5886
288,둔덕점,전라남도,여수시,전라남도 여수시 만성로 18,061-651-6641
289,둔산1점,대전광역시,서구,대전광역시 서구 둔산동 1809  국화동성@상가 202호,042-482-1872
290,둔산2점,대전광역시,서구,대전광역시 서구 둔산3동 1972번지,042-486-1007
291,등촌3동점,서울특별시,강서구,서울특별시 강서구 등촌동 663-5,02-3663-3700
292,등촌제일점,서울특별시,강서구,서울특별시 강서구 등촌1동 641-12,02-3661-7860
293,뚝섬점,서울특별시,광진구,서울특별시 광진구 능동로3가길 4(자양동),02-499-4330
294,레이크타운점,경기도,안산시단원구,경기도 안산시단원구 광덕1로 195,031-406-1111
295,마석점,경기도,남양주시,"경기도 남양주시 화도읍 비룡로 185-20, 210(삼진상가2층)",031-595-8686
296,마송점,경기도,김포시,경기도 김포시 통진읍 조강로 49,031-988-4443
297,마장동점,서울특별시,성동구,"서울특별시 성동구 청계천로10나길 80, 1층(마장동)",02-2294-1728
298,마전점,충청남도,금산군,충청남도 금산군 추부면 마전리 567-12,041-753-7972
299,마천1점,서울특별시,송파구,서울특별시 송파구 마천로61길 9(마천동),02-409-0186
300,마평리점,경기도,용인시처인구,경기도 용인시처인구 금령로 129(마평동),031-335-8542
301,만년점,대전광역시,서구,대전광역시 서구 만년로16번길 27(만년동),042-485-9949
302,만수1점,인천광역시,남동구,인천광역시 남동구 만수서로 97-17(만수동 1층),032-462-2664
303,만수3점,인천광역시,남동구,인천광역시 남동구 만수동 861 1층,032-461-1260
304,만수삼환점,인천광역시,남동구,인천광역시 남동구 소래로669번길 30 106호,032-465-0892
305,만수주공점,인천광역시,남동구,인천광역시 남동구 장승남로34번길 22 상가 111호,032-466-3331
306,만촌점,대구광역시,수성구,대구광역시 수성구 만촌동 963-4,053-751-0870
307,망상점,강원도,동해시,"강원도 동해시  동해대로 6270-16, 1층 111호(망상동)",033-534-6988
308,망우동점,서울특별시,중랑구,서울특별시 중랑구 망우3동 444-26,02-437-7733
309,망원동점,서울특별시,마포구,서울특별시 마포구 망원2동 475-42,02-337-8060
310,매산점,경기도,수원시팔달구,경기도 수원시팔달구 갓매산로26번길 24,031-238-0344
311,매송점,경기도,화성시,경기도 화성시 매송면 화성로 2358번길 37,031-294-7696
312,매탄점,경기도,수원시영통구,경기도 수원시영통구 동수원로514번 15 103호,031-214-9292
313,매화동점,경기도,시흥시,경기도 시흥시 매화1로 21,031-313-2914
314,매화목련점,경기도,성남시분당구,경기도 성남시분당구 양현로 539. 매화근린상가1층 104,031-704-2907
315,면목1점,서울특별시,중랑구,"서울특별시 중랑구 면목천로19길 16, 1층(면목동)",02-439-9830
316,명곡점,대구광역시,달성군,대구광역시 달성군 화원읍 설화리 779-1,053-638-9935
317,명보점,충청북도,제천시,충청북도 제천시 용두천로 112(남천동),043-644-4311
318,명일점,서울특별시,강동구,서울특별시 강동구 동남로67길 44(명일동),02-441-4171
319,모가점,경기도,이천시,경기도 이천시 모가면 진상미로 1257(성광주택),031-633-3663
320,모산점,충청남도,아산시,충청남도 아산시 배방면 공수리 63-24,041-548-1258
321,모슬포점,제주특별자치도,서귀포시,제주특별자치도 서귀포시 대정읍 상모대서로 25,064-792-2206
322,모현점,경기도,용인시처인구,경기도 용인시처인구 모현면 외대로 36,031-339-6860
323,목감점,경기도,시흥시,경기도 시흥시 동서로 1095,031-405-3677
324,목동1점,서울특별시,양천구,서울특별시 양천구 목4동 772-12,02-2642-0177
325,목동3점,서울특별시,양천구,"서울특별시 양천구 목동동로 50 A-111(신정동, 목동아파트)",02-2645-3633
326,목동시장점,서울특별시,양천구,서울특별시 양천구 목동중앙남로10 7,02-2646-4803
327,목상석봉점,대전광역시,대덕구,"대전광역시 대덕구 대덕대로1454 11-6(목상동,1층)",042-932-8516
328,목행점,충청북도,충주시,충청북도 충주시 행정10길 10(목행동),043-853-2900
329,무거1점,울산광역시,남구,울산광역시 남구 신복로23번길 15(무거동),052-225-9200
330,무실점,강원도,원주시,강원도 원주시 시청로 88-1  101호(무실동),033-734-9255
331,무원삼보점,경기도,고양시덕양구,경기도 고양시덕양구 화신로 31 무원마을 삼보상가 102,031-970-9200
332,무주점,전라북도,무주군,전라북도 무주군 무주읍 읍내리 249-6,063-322-3938
333,무지개점,경기도,성남시분당구,"경기도 성남시분당구 구미동 211, 무지개마을 106",031-715-0689
334,묵동점,서울특별시,중랑구,"서울특별시 중랑구 동일로149길 15. 3동 104호(묵동,우성아파트)",02-973-4977
335,묵호점,강원도,동해시,"강원도 동해시 발한로 137(발한동, 가동)",033-533-1668
336,문경점,경상북도,문경시,경상북도 문경시 문경읍 주흘로 29,054-571-7964
337,문덕점,경상북도,포항시남구,경상북도 포항시남구 오천읍 문덕리 203-3 청호A상가101,054-292-1236
338,문막점,강원도,원주시,강원도 원주시 문막읍 문막시장1길 55-2,033-735-0909
339,문산점,경기도,파주시,경기도 파주시 문산읍 문항로 82,031-952-2781
340,문정점,서울특별시,송파구,"서울특별시 송파구 송이로33길 6-17(문정동, 지상1층)",02-408-5797
341,문촌점,경기도,고양시일산서구,경기도 고양시일산서구 대산로 183,031-913-9292
342,문학점,인천광역시,미추홀구,"인천광역시 미추홀구 승학길 4(문학동, 101호)",032-422-6892
343,문화동점,충청북도,충주시,충청북도 충주시 사직산1길 15-11(문화동),043-853-7204
344,문화점,대전광역시,중구,대전광역시 중구 문화동 788 상가 107호,042-585-6340
345,미금점,경기도,성남시분당구,경기도 성남시분당구 미금일로 55 상가동108호,031-714-7463
346,미룡산북점,전라북도,군산시,전라북도 군산시 부곡로 125(미룡동),063-465-8388
347,미아점,서울특별시,강북구,서울특별시 강북구 도봉로29길 10 1층,02-985-1145
348,미원점,충청북도,청주시상당구,충청북도 청주시상당구 미원면 미원시내2길 19-3,043-298-3993
349,민락점,경기도,의정부시,경기도 의정부시 오목로 99,031-851-4749
350,밀양댐점,경상남도,밀양시,경상남도 밀양시 단장면 고례리 1521-3,055-351-0844
351,박달동점,경기도,안양시만안구,경기도 안양시만안구 박달동 134-5,031-447-3131
352,반구점,울산광역시,중구,울산광역시 중구 반구동 101-8,052-293-9999
353,반달마을점,경기도,부천시원미구,"경기도 부천시원미구 상동 397, 반달상가1층",032-323-9292
354,반송2점,부산광역시,해운대구,부산광역시 해운대구 반송동 62-340,051-543-5531
355,반여점,부산광역시,해운대구,부산광역시 해운대구 선수촌로 207번가길 67,051-527-9988
356,반월점,전라북도,전주시덕진구,전라북도 전주시덕진구 반월동 1229 반월주공아파트상가 104호,063-213-8292
357,반포동점,서울특별시,서초구,서울특별시 서초구 반포1동 717-10 101,02-548-3334
358,발산동점,서울특별시,강서구,서울특별시 강서구 우장산로 9(내발산동),02-3664-0907
359,방배본점,서울특별시,서초구,서울특별시 서초구 동광로11길 25. 1층(방배동),02-592-9202
360,방어진점,울산광역시,동구,울산광역시 동구 화문로 75,052-201-4730
361,방이2점,서울특별시,송파구,"서울특별시 송파구 오금로23길 25, 나동 1층 (방이동)",02-423-8587
362,방화1점,서울특별시,강서구,서울특별시 강서구 양천로11길 8(방화동 487-8 1층),02-2663-2224
363,방화2점,서울특별시,강서구,"서울특별시 강서구 방화동로 116-1(방화동, 1층)",02-2666-9992
364,백련시장점,서울특별시,서대문구,서울특별시 서대문구 남가좌2동 347-1,02-376-3604
365,백사점,경기도,이천시,경기도 이천시 백사면 현방리78-2,031-632-4462
366,백석점,경기도,양주시,경기도 양주시 백석읍 양주산성로 564-1,031-829-8283
367,백암점,경상북도,울진군,경상북도 울진군 온정면 소태로 3,054-787-2466
368,백양사점,전라남도,장성군,전라남도 장성군 북하면 백양로 904,061-392-9989
369,백천점,경상북도,경산시,경상북도 경산시 백천동 573-1 108,053-811-4009
370,백학점,경기도,연천군,경기도 연천군 백학면 두백로 35,031-835-8669
371,번동점,서울특별시,강북구,서울특별시 강북구 번3동 307 1층 5호,02-986-9200
372,범서점,울산광역시,울주군,울산광역시 울주군 범서읍 점촌5길 37,052-245-2580
373,범어점,경상남도,양산시,경상남도 양산시 물금읍 범어리 721-1,055-383-8897
374,범어B점,대구광역시,수성구,대구광역시 수성구 동대구로77길 24,053-754-7209
375,법1동점,대전광역시,대덕구,대전광역시 대덕구 법동 281 삼정하이츠@상가 1층,042-673-4700
376,법2동점,대전광역시,대덕구,대전광역시 대덕구 법동 206-6,042-631-0606
377,법원점,경상북도,포항시북구,경상북도 포항시북구 양덕동 692-6,054-231-9998
378,별내점,경기도,남양주시,경기도 남양주시 별내중앙로26 111호,031-574-2777
379,병영점,울산광역시,중구,울산광역시 중구 병영로 80,052-292-5255
380,병점점,경기도,화성시,경기도 화성시 병점로 58(병점동),031-236-9245
381,병천점,충청남도,천안시동남구,충청남도 천안시동남구 병천면 병천리 157-17,041-564-9199
382,보개점,경기도,안성시,경기도 안성시 보개면 남사당로 1-3,031-674-5882
383,보광2점,서울특별시,용산구,"서울특별시 용산구 장문로6길 101, 지상1층(동빙고동 1-9)",02-790-6161
384,보라매동점,서울특별시,관악구,서울특별시 관악구 보라매로 22 (봉천동),02-887-9282
385,보라점,경기도,용인시기흥구,경기도 용인시기흥구 사은로 116,031-287-2884
386,보령웅천점,충청남도,보령시,충청남도 보령시 웅천읍 충서로 872,041-931-3052
387,보은점,충청북도,보은군,충청북도 보은군 보은읍 삼산리 44-1,043-543-1655
388,복대점,충청북도,청주시흥덕구,충청북도 청주시흥덕구 복대로199번길 3,043-265-2450
389,복수점,대전광역시,서구,대전광역시 서구 복수동 283-397,042-584-7308
390,복창점,경기도,평택시,경기도 평택시 신서로 32-1,031-611-9291
391,본리점,대구광역시,달서구,대구광역시 달서구 본리동 81-3번지,053-527-5527
392,본오2점,경기도,안산시상록구,경기도 안산시상록구 각골로 123,031-416-4066
393,본오3점,경기도,안산시상록구,경기도 안산시상록구 본오동 669-7,031-407-9998
394,봉곡점,경상북도,구미시,경상북도 구미시 봉곡남로9길 35,054-443-5525
395,봉담와우리점,경기도,화성시,경기도 화성시 봉담읍 와우로15번길 55-9 효성@상가1층,031-222-0147
396,봉담점,경기도,화성시,경기도 화성시 봉담읍 진등1길 57-1,031-298-9966
397,봉덕2점,대구광역시,남구,대구광역시 남구 봉덕동 924-3,053-476-4819
398,봉명동점,충청북도,청주시흥덕구,충청북도 청주시흥덕구 주현로25번길 20(봉명동),043-265-8503
399,봉산점,강원도,원주시,강원도 원주시 치악로 1867 (봉산동),033-743-2877
400,봉암리점,경기도,양주시,경기도 양주시 은현면 은현로 521,031-864-7255
401,봉천2동점,서울특별시,관악구,서울특별시 관악구 봉천동 7-125,02-889-1262
402,봉천현대점,서울특별시,관악구,"서울특별시 관악구 양녕로 35-1, 1층(봉천동)",02-877-4196
403,봉평점,강원도,평창군,강원도 평창군 봉평면 기풍3길 28,033-336-9282
404,봉화점,경상북도,봉화군,경상북도 봉화군 봉화읍 내성리 236-17,054-672-0909
405,부강점,세종특별자치시,부강면,세종특별자치시  부강면 부강2길 11,044-275-0514
406,부개주공점,인천광역시,부평구,"인천광역시 부평구 부개로 79, (부개동,부개택지개발1블럭)",032-361-0097
407,부곡점(안산),경기도,안산시상록구,경기도 안산시상록구 부곡동 685-11 안산제2종합시장 1003호,031-416-7532
408,부곡점(의왕),경기도,의왕시,경기도 의왕시 솔밭길 31,031-461-9292
409,부론점,강원도,원주시,강원도 원주시 부론면 법천시장길 66-11,033-732-8292
410,부발점,경기도,이천시,경기도 이천시 부발읍 무촌로 137,031-634-6204
411,부산송정점,부산광역시,해운대구,부산광역시 해운대구 송정중앙로 15-1,051-703-7109
412,부산신평점,부산광역시,사하구,부산광역시 사하구 다대로142번길 130(신평동),051-207-6551
413,부산지사, ,,,
414,부석점,경상북도,영주시,경상북도 영주시 부석면 소천리 381-7,054-633-3132
415,부송점,전라북도,익산시,전라북도 익산시 부송1로 65,063-832-9292
416,부안점,강원도,춘천시,강원도 춘천시 후석로 261(후평동),033-256-4825
417,부여점,충청남도,부여군,충청남도 부여군 부여읍 성왕로 173번길 12,041-833-2777
418,부평점,인천광역시,부평구,"인천광역시 부평구 부평문화로115 17, 1층(부평동)",032-516-8292
419,북가좌1점,서울특별시,서대문구,"서울특별시 서대문구 증가로20길 71, 1층(북가좌동)",02-372-1600
420,북가좌2점,서울특별시,서대문구,서울특별시 서대문구 북가좌2동 107-1 1층,02-375-7283
421,북문점,경기도,수원시장안구,경기도 수원시장안구 팔달로259번길 9,031-255-7217
422,북변점,경기도,김포시,경기도 김포시 북변동 688 대우아파트상가 111호,031-982-4560
423,북부점(경주),경상북도,경주시,경상북도 경주시 동부동 75-8,054-743-6410
424,북부점(포항),경상북도,포항시북구,경상북도 포항시북구 두호동 1035-7,054-253-9977
425,북삼점,경상북도,칠곡군,경상북도 칠곡군 북삼읍 평원2길 15,054-972-3298
426,북평점,강원도,동해시,강원도 동해시 대동로 131(북평동),033-521-6321
427,분당동점,경기도,성남시분당구,경기도 성남시분당구 분당동 39 샛별마을 삼부아파트상가 -101 1호,031-701-0162
428,분평동점,충청북도,청주시서원구,충청북도 청주시서원구 청남로2005번길 27,043-285-2929
429,불광동점,서울특별시,은평구,서울특별시 은평구 불광로 192,02-353-3431
430,불노지구점,인천광역시,서구,인천광역시 서구 검단로 842,032-562-5452
431,불당점,충청남도,천안시서북구,충청남도 천안시서북구 불당동 1124,041-556-8892
432,불로점,대구광역시,동구,대구광역시 동구 불로동 1139-7,053-985-7366
433,비래가양점,대전광역시,동구,대전광역시 동구 가양2동 47-64,042-624-2243
434,비산1동점,경기도,안양시동안구,"경기도 안양시동안구 경수대로 946, 111호 (비산동, 대광로제비앙)",031-388-5414
435,비산삼호점,경기도,안양시동안구,경기도 안양시동안구 비산동 377-4,031-388-9672
436,비산점,대구광역시,서구,대구광역시 서구 평리동 791-24,053-559-5997
437,비산B점,대구광역시,서구,대구광역시 서구 비산1동 723-1,053-553-5928
438,비인점,충청남도,서천군,충청남도 서천군 비인면 성내리 338-5,041-952-6231
439,사당4점,서울특별시,동작구,서울특별시 동작구 사당동 1033-23,02-522-5773
440,사동2점,경기도,안산시상록구,"경기도 안산시상록구 감골로 43(사동, 102호)",031-416-2992
441,사동리점,경기도,이천시,경기도 이천시 대월면 사동로 162,031-637-7770
442,사동점,경기도,안산시상록구,경기도 안산시상록구 사동 1285-3,031-408-0411
443,사북점,강원도,정선군,강원도 정선군 사북읍 사북중앙로 13,033-592-3686
444,사우동점,강원도,춘천시,강원도 춘천시 영서로 2818(사농동),033-251-9794
445,사우지구점,경기도,김포시,경기도 김포시 북변동 832 영풍아파트상가 104,031-998-7557
446,사직점,부산광역시,동래구,부산광역시 동래구 사직동 19-45,051-502-7181
447,사창동점,충청북도,청주시서원구,충청북도 청주시서원구 1순환로  698(사창동),043-265-0338
448,사창리점,강원도,화천군,강원도 화천군 사내면 사내로 47-1,033-441-4603
449,산격점,대구광역시,북구,대구광역시 북구 산격동 1232-3,053-942-9994
450,산본13점,경기도,군포시,"경기도 군포시 산본동 1059 우성상가A동 8,9호",031-392-4444
451,산본3점,경기도,군포시,"경기도 군포시 광정로 25-16. 103호(금정동,퇴계종합상가)",031-397-1980
452,산본6점,경기도,군포시,"경기도 군포시 산본천로 34-5(산본동, 세종종합상가동101호)",031-396-9292
453,산본9점,경기도,군포시,경기도 군포시 산본동 수리산로203번안길 34 ,031-393-0861
454,산본리점,경기도,군포시,경기도 군포시 금산로 62(산본동),031-393-3070
455,산북점,경기도,여주시,경기도 여주시 산북면 상품로 99,031-884-9266
456,삼계점,경상남도,김해시,경상남도 김해시 가야로147번길 12-1 ,055-314-5591
457,삼광점,강원도,원주시,강원도 원주시 행구로 107,033-746-9829
458,삼동점,경기도,광주시,경기도 광주시 순암로 509(삼동),031-797-3044
459,삼방점,경상남도,김해시,경상남도 김해시 삼안로235번길 14(삼방동668-17),055-332-5921
460,삼산점,인천광역시,부평구,인천광역시 부평구 삼산동 201-3,032-511-0882
461,삼성동점,서울특별시,강남구,"서울특별시 강남구 영동대로112길 61, 1층(삼성동)",02-515-4097
462,삼송점,경기도,고양시덕양구,경기도 고양시덕양구 신도길 9,02-381-1552
463,삼환대우점,인천광역시,연수구,인천광역시 연수구 원인재로 124,032-815-9933
464,삽교점,충청남도,예산군,충청남도 예산군 삽교읍 삽교로2길2,041-338-7193
465,상계역점,서울특별시,노원구,"서울특별시 노원구 상계로23다길 4, 102호(상계동)",02-938-9888
466,상대원1점,경기도,성남시중원구,경기도 성남시중원구 박석로62번길 1(상대원동),031-733-3141
467,상도4동점,서울특별시,동작구,서울특별시 동작구 상도4동 210-8,02-813-2651
468,상도동점,서울특별시,동작구,서울특별시 동작구 상도동 22-107 102,02-815-6394
469,상동라일락점,경기도,부천시원미구,"경기도 부천시원미구 도약로 35, 105(상동)",032-322-9994
470,상동점,전라북도,정읍시,전라북도 정읍시 상동 265-1(충정로 37),063-535-9889
471,상동현대점,경기도,부천시원미구,"경기도 부천시원미구 상동 555-8, 102호",032-325-9533
472,상리점,경기도,여주시,경기도 여주시 청심로 232,031-885-2512
473,상무세정점,광주광역시,서구,광주광역시 서구 치평동 상무화원로31번길18,062-376-3355
474,상봉동점,서울특별시,중랑구,서울특별시 중랑구 봉우재로 161(상봉동),02-434-1563
475,상인점,대구광역시,달서구,대구광역시 달서구 상인동 1474,053-633-9977
476,상일동점,서울특별시,강동구,"서울특별시 강동구 상일로 29-1, 1층(상일동)",02-428-1306
477,새마을점,경기도,안양시만안구,경기도 안양시만안구 안양동 759-51,031-443-3787
478,샘머리점,대전광역시,서구,대전광역시 서구 둔산동 908 상록스토아 306,042-488-2592
479,샘터점,경기도,고양시덕양구,경기도 고양시덕양구 화신로 73 D상가 103호,031-978-2231
480,서3점,부산광역시,금정구,부산광역시 금정구 서동 203-6,051-526-4193
481,서귀동문점,제주특별자치도,서귀포시,제주특별자치도 서귀포시 서문로29번길 18,064-733-5592
482,서근리점,경기도,화성시,경기도 화성시 팔탄면 버들로 1362번길 6,031-352-9533
483,서남점,대구광역시,달서구,대구광역시 달서구 감삼동 63-7,053-556-7383
484,서둔탑동평동점,경기도,수원시권선구,경기도 수원시권선구 서둔로 197-1 1층 101호(탑동),031-292-9992
485,서면점(충남),세종특별자치시,연서면,세종특별자치시  연서면 당산로 286 대원네스트빌@상가101,044-863-8292
486,서변점,대구광역시,북구,대구광역시 북구 서변동 1738-14,053-939-9399
487,서부점,경상남도,창원시진해구,경상남도 창원시진해구  충장로 100,055-545-9282
488,서산1점,충청남도,서산시,충청남도 서산시 읍내동 160-1,041-664-1596
489,서산부영점,충청남도,서산시,충청남도 서산시 성암1로 56(읍내동),041-681-6661
490,서산삼성점,충청남도,서산시,충청남도 서산시 서령로 137,041-664-7072
491,서상점,경상남도,함양군,경상남도 함양군 서상면 서상로 290-2,055-963-0033
492,서석점,강원도,홍천군,강원도 홍천군 서석면 구룡령로 2525,033-433-2777
493,서울온천점,서울특별시,노원구,"서울특별시 노원구 노원로16길 15, 상가동 1층 104호 (하계동,중계9단지상가)",02-976-7030
494,서울지사,서울특별시,금천구,서울특별시 금천구 시흥동 985-14,02-2200-2540
495,서정점,경기도,평택시,경기도 평택시 서정동 288-15,031-664-5018
496,서천점,충청남도,서천군,충청남도 서천군 서천읍 군사리 715-2,041-953-2608
497,서천점(용인),경기도,용인시기흥구,"경기도 용인시기흥구 예현로35번길  6 서천동,1층",031-273-2333
498,서초동점,서울특별시,서초구,서울특별시 서초구  효령로424,02-523-8889
499,서현점,경기도,성남시분당구,경기도 성남시분당구 서현동 311 효자촌주상복합 604-110,031-701-8398
500,석관동점,서울특별시,성북구,"서울특별시 성북구 돌곶이로22길 50, 1층(석관동)",02-968-1645
501,석림점,충청남도,서산시,충청남도 서산시 석림동 783-4,041-681-3005
502,석문점,충청남도,당진시,충청남도 당진시 석문면 통정3안길 8-15,041-353-8333
503,석사점,강원도,춘천시,강원도 춘천시 백령로 7,033-253-8422
504,석적점,경상북도,칠곡군,경상북도 칠곡군 석적읍 북중리 11길 28,054-977-3999
505,석촌점,서울특별시,송파구,"서울특별시 송파구 송파대로37길 26, 101호 (석촌동)",02-424-9245
506,석포점,경기도,화성시,경기도 화성시 장안면 버들로 1199,031-358-2614
507,선부3점,경기도,안산시단원구,경기도 안산시단원구 달미로 85-1,031-414-1936
508,선수촌점,서울특별시,송파구,서울특별시 송파구 잠실7동 85-1 아시아선수촌상가내,02-418-2320
509,선유점,경기도,파주시,경기도 파주시 문산읍 독서울1길 39 휴먼시아상가 106,031-953-9248
510,선화점,대전광역시,중구,대전광역시 중구 은행동 1-1,042-254-5484
511,설봉점,경기도,이천시,경기도 이천시 향교로 106(창전동),031-632-6030
512,설성점,경기도,이천시,경기도 이천시 설성면 설장로 13(금성빌딩),031-642-0303
513,설악동점,강원도,속초시,강원도 속초시 청봉로 77 (설악동),033-636-8316
514,설악면점,경기도,가평군,경기도 가평군 설악면 신천 중앙로 131,031-584-5592
515,성거점,충청남도,천안시서북구,충청남도 천안시서북구 성거읍 성거길 90,041-622-6568
516,성건점,경상북도,경주시,경상북도 경주시 성건동 625-8,054-741-5418
517,성남점,경기도,성남시중원구,경기도 성남시중원구 성남동 4149,031-754-2367
518,성남점(울산),울산광역시,중구,울산광역시 중구 성남동 57-2 2F,052-211-3929
519,성내동점,서울특별시,강동구,서울특별시 강동구 성내1동 560-5,02-478-0092
520,성당점,대구광역시,달서구,대구광역시 달서구 성당동 669-9 1층,053-629-5088
521,성대1점,경기도,수원시장안구,경기도 수원시장안구 율전로 85번길 15(율전동),031-291-9285
522,성대2점,경기도,수원시장안구,"경기도 수원시장안구 서부로 2197번길 36-1, 1층",031-207-9292
523,성산동점,서울특별시,마포구,서울특별시 마포구 중동 64-25,02-307-9044
524,성산점,제주특별자치도,서귀포시,제주특별자치도 서귀포시 성산읍 178-3,064-782-4740
525,성서점,대구광역시,달서구,"대구광역시 달서구 이곡동 1194-2, 상가108호",053-584-0067
526,성석점,경기도,고양시일산동구,경기도 고양시일산동구 고봉로 616(성석동),031-975-9279
527,성정2점,충청남도,천안시서북구,충청남도 천안시서북구 서부12길 14,041-575-3161
528,성정점,충청남도,천안시서북구,충청남도 천안시서북구 성정동 717-1,041-575-9282
529,성주점(경북),경상북도,성주군,경상북도 성주군 월항면  주산로 397,054-932-9448
530,성환점,충청남도,천안시서북구,충청남도 천안시서북구 성환읍 성환리 345-3,041-581-8200
531,세검정점,서울특별시,종로구,서울특별시 종로구 평창동 285-2,02-391-0113
532,세곡점,서울특별시,강남구,서울특별시 강남구 세곡동 124-2 1층 16,02-2226-9255
533,세류점,경기도,수원시권선구,경기도 수원시권선구 정조로 558(세류동),031-233-9621
534,세종청사점,세종특별자치시,갈매로,"세종특별자치시  갈매로 479, 101(어진동, 상가동지하1층)",044-864-9249
535,센트럴파크점,인천광역시,연수구,인천광역시 연수구 컨벤시아대로 50,032-833-1919
536,소래점,인천광역시,남동구,인천광역시 남동구 논현동 577 풍림상가 111호,032-441-0151
537,소사3점,경기도,부천시소사구,"경기도 부천시소사구 소사로160번길 26-2, 1층일부(소사본동)",032-345-1413
538,소양로점,강원도,춘천시,강원도 춘천시 중앙로 126번지(소양로4가),033-253-8281
539,소촌점,광주광역시,광산구,광주광역시 광산구 소촌동 610 서라@상가105,062-945-4792
540,속리산점,충청북도,보은군,충청북도 보은군 속리산면 사내리 281-1,043-543-0488
541,송강그린점,대전광역시,유성구,대전광역시 유성구 송강동 208-7,042-935-9292
542,송강마을점,대전광역시,유성구,대전광역시 유성구 구즉로58번길 12(송강동),042-935-4554
543,송내1점,경기도,부천시소사구,"경기도 부천시소사구 경인로134번길 72, 202호(송내동,단지내상가2층)",032-665-4976
544,송내점,경기도,동두천시,경기도 동두천시 거북마루24    103호,031-864-9292
545,송도신도시점,인천광역시,연수구,"인천광역시 연수구 해돋이로6번길 33, 한진해모로상가 105호",032-858-9233
546,송도점,인천광역시,연수구,인천광역시 연수구 비류대로 216 1층4호,032-832-9595
547,송림점,인천광역시,동구,인천광역시 동구 샛골로161번길 25,032-763-8059
548,송산점,충청남도,당진시,충청남도 당진시 송산면 송산로 809,041-358-9399
549,송악점,충청남도,아산시,충청남도 아산시 송악면 외암리 595-104,041-543-3393
550,송월점,인천광역시,중구,인천광역시 중구 송월동1가 11-128,032-761-4191
551,송정점,강원도,동해시,"강원도 동해시 동해항2길 5, 7/2(송정동)",033-522-4651
552,송지호점,강원도,고성군,강원도 고성군 죽왕면 동해대로 5902,033-632-0020
553,송천점,전라북도,전주시덕진구,전라북도 전주시덕진구 솔내로 111(송천동1가),063-274-0607
554,송촌점,대전광역시,대덕구,대전광역시 대덕구 송촌동 222-12,042-633-9009
555,송현점,대구광역시,달서구,대구광역시 달서구 송현동 798-23,053-652-8906
556,수곡동점,충청북도,청주시서원구,충청북도 청주시서원구 청남로  2092-1,043-283-6964
557,수리산역점,경기도,군포시,"경기도 군포시 번영로 403, 211(산본동, 가야주공)",031-392-5354
558,수림점,인천광역시,남동구,인천광역시 남동구 주안로237번길 1,032-432-7374
559,수서점,서울특별시,강남구,"서울특별시 강남구 광평로51길 49, 수서주공아파트상가112",02-451-9292
560,수성점,대구광역시,수성구,대구광역시 수성구 수성동1가 82-2,053-755-2585
561,수안보점,충청북도,충주시,충청북도 충주시 수안보면 장터2길 20-7,043-846-8954
562,수완점,광주광역시,광산구,광주광역시 광산구 신가동 1101,062-952-7792
563,수원지사, ,,,
564,수유점,서울특별시,강북구,"서울특별시 강북구 노해로11길 42, 1층(수유동)",02-908-8165
565,순흥점,경상북도,영주시,경상북도 영주시 순흥면 읍내리 315-1,054-632-4555
566,시화3점,경기도,시흥시,경기도 시흥시 정왕대로53번길 29,031-432-1113
567,시화5점,경기도,시흥시,경기도 시흥시 역전로 427 세종상가 104,031-431-8585
568,시화6점,경기도,시흥시,경기도 시흥시 정왕동 1847 청솔아파트 상가 104호,031-497-2883
569,시화7점,경기도,시흥시,"경기도 시흥시 정왕신길로49번 37,109(서해APT상가)",031-431-7979
570,시화8점,경기도,시흥시,경기도 시흥시 정왕대로266번 4 금강아파트 상가 108호,031-433-2992
571,시화지구점,경기도,시흥시,경기도 시흥시 봉우재로 7번길 20,031-499-1212
572,시흥공구점,서울특별시,금천구,서울특별시 금천구 시흥동 941-1,02-807-4248
573,시흥사거리점,서울특별시,금천구,서울특별시 금천구 시흥1동 995-10 1층,02-808-9291
574,시흥현대점,서울특별시,금천구,"서울특별시 금천구 독산로36길 8, 지하1층 (시흥동)",02-809-9892
575,신갈점,경기도,용인시기흥구,경기도 용인시기흥구 신구로53번길  10-1(신갈동),031-286-1877
576,신계점,충청남도,천안시동남구,충청남도 천안시동남구 목천읍 충철로 874 협성엠파이어아파트 상가 106~107호,041-566-7722
577,신곡점,경기도,의정부시,경기도 의정부시 시민로 240,031-846-9807
578,신공덕점,서울특별시,마포구,"서울특별시 마포구 만리재옛길 20(신공덕동, 1층)",02-703-4456
579,신공항점,인천광역시,중구,인천광역시 중구 영종대로27번길 41,032-746-0311
580,신관점,충청남도,공주시,충청남도 공주시 신관동 177-1,041-856-7775
581,신관초교점,충청남도,공주시,충청남도 공주시 신관동 319-7 신관초교 후문앞,041-856-9533
582,신구로점,서울특별시,구로구,"서울특별시 구로구 구로중앙로28다 21, 1층101호(구로동)",02-861-4747
583,신길2점,서울특별시,영등포구,서울특별시 영등포구 신길동 451-1,02-849-0222
584,신내동점,서울특별시,중랑구,"서울특별시 중랑구 봉화산로 236(신내동, 102호)",02-432-5355
585,신대방역점,서울특별시,관악구,서울특별시 관악구 신림동 542-17,02-859-8575
586,신대점,대전광역시,대덕구,대전광역시 대덕구 신대동 216번지,042-625-8332
587,신도림점,서울특별시,구로구,서울특별시 구로구 신도림로11다길 23(신도림동),02-2068-4547
588,신둔점,경기도,이천시,경기도 이천시 신둔면 경충대로 3172,031-632-7228
589,신례원점,충청남도,예산군,충청남도 예산군 예산읍 창말로 8,041-334-2022
590,신림2점,서울특별시,관악구,서울특별시 관악구 신림동 251-461,02-876-4811
591,신림점(원주),강원도,원주시,강원도 원주시 신림면 신림황둔로 4,033-762-0953
592,신매점,대구광역시,수성구,대구광역시 수성구 신매동 599-15,053-792-5690
593,신반점,경상남도,의령군,경상남도 의령군 부림면 신번로 164,055-574-6551
594,신부점,충청남도,천안시동남구,충청남도 천안시동남구 터미널7길 26,041-552-4386
595,신사동점,서울특별시,은평구,서울특별시 은평구 갈현로3길 33-8.1층,02-385-5355
596,신선점,부산광역시,영도구,부산광역시 영도구 하나길 614,051-417-9987
597,신설동점,서울특별시,종로구,서울특별시 종로구 숭인2동 699,02-924-3936
598,신성점,대전광역시,유성구,대전광역시 유성구 신선로 72번길 30,042-861-6881
599,신수동점,서울특별시,마포구,"서울특별시 마포구 토정로 240, 1-1(신수동, 상가)",02-713-1888
600,신수리점,강원도,철원군,강원도 철원군 서면 자등로 593,033-458-5599
601,신시가지점,제주특별자치도,서귀포시,제주특별자치도 서귀포시 김정문화로 66(법환동),064-739-6949
602,신양점,충청남도,예산군,충청남도 예산군 신양면 청신로 364,041-333-9288
603,신영통점,경기도,수원시영통구,경기도 수원시영통구 영통로90번길 4-9(망포동485-3),031-206-2266
604,신원당점,경기도,고양시덕양구,경기도 고양시덕양구 고양대로1384 7-24 동문상가 1층 ,031-969-0909
605,신월4점,서울특별시,양천구,서울특별시 양천구 신월4동 447-4,02-2601-4433
606,신월7점,서울특별시,양천구,서울특별시 양천구 신월7동 952-1 대지상가 105,02-2604-7978
607,신정1점,서울특별시,양천구,"서울특별시 양천구 중앙로32길 55, 1층 101호 (신정동)",02-2648-7295
608,신정2점,서울특별시,양천구,"서울특별시 양천구 신목로2길 11, 1층 103호 (신정동,청구아파트상가)",02-2654-9200
609,신제주점,제주특별자치도,제주시,제주특별자치도 제주시 신대로 124(연동),064-744-6141
610,신창부영점,광주광역시,광산구,광주광역시 광산구 신창동 1270번지 부영@2차 상가 2-106,062-959-9229
611,신창점,충청남도,아산시,충청남도 아산시 신창면 서부남로 868,041-542-9998
612,신천은행점,경기도,시흥시,경기도 시흥시 신천동 781-22,031-311-7748
613,신천점,대구광역시,동구,대구광역시 동구 신천동 279-17,053-754-2703
614,신탄3점,대전광역시,대덕구,대전광역시 대덕구 신탄진동 18-8,042-931-0826
615,신태인점,전라북도,정읍시,전라북도 정읍시 신태인읍 신태인중앙로 7,063-571-1170
616,신풍시장점,서울특별시,영등포구,서울특별시 영등포구 신길3동 325-96,02-848-6433
617,신항점,충청남도,태안군,충청남도 태안군 근흥면 신진도리 527-8,041-675-1349
618,신현리점,경기도,광주시,경기도 광주시 오포읍 새말길 94,031-719-7116
619,신현점,인천광역시,서구,인천광역시 서구 원창로239번길 4(가정동),032-573-9999
620,신흥2점,경기도,성남시수정구,경기도 성남시수정구 수정로220번길 5 (신흥동),031-747-5535
621,심곡5점,경기도,부천시원미구,"경기도 부천시원미구 부천로103번길 17, 1층 일부 (심곡동)",032-652-2452
622,심곡본1점,경기도,부천시소사구,"경기도 부천시소사구 성주로 159(심곡본동,1층)",032-657-8881
623,심곡점,인천광역시,서구,인천광역시 서구 심곡로 170 상가동 1층 103호,032-561-2537
624,십정점,인천광역시,부평구,인천광역시 부평구 배곶남로 18,032-424-5775
625,쌍문동점,서울특별시,도봉구,서울특별시 도봉구 쌍문동 56 삼익A 상가 107,02-903-6660
626,쌍촌시영점,광주광역시,서구,광주광역시 서구 쌍촌로 37,062-375-2365
627,아동점,경기도,파주시,"경기도 파주시 경의로 1821, 1층101호",031-944-2286
628,아라점,제주특별자치도,제주시,제주특별자치도 제주시 인다12길 1 아라주공아파트 상가 106호,064-702-9978
629,아산풍기점,충청남도,아산시,충청남도 아산시 어의정로 184,041-541-9991
630,아중점,전라북도,전주시덕진구,전라북도 전주시덕진구 인후동1가 880-5,063-242-9994
631,아진천곡달천점,울산광역시,북구,울산광역시 북구 달천로 103-19(달천아이파크 2차상가 100동 B109호),052-297-9963
632,안강점,경상북도,경주시,경상북도 경주시 안강읍 비화원로 117,054-761-2884
633,안녕송산점,경기도,화성시,경기도 화성시 용주로 25 1층 일부호(안녕동),031-238-7789
634,안산3점,경기도,안산시단원구,경기도 안산시단원구 예술대학로 107 상가104호,031-482-2232
635,안산상록수점,경기도,안산시상록구,경기도 안산시상록구 본삼로 17 1층 103호,031-407-2202
636,안산이동점,경기도,안산시상록구,"경기도 안산시상록구 도매시장로 34-1, 102호",031-418-7911
637,안산일동점,경기도,안산시상록구,경기도 안산시상록구 호동로 81(일동),031-406-1451
638,안산효자점,경기도,안산시단원구,경기도 안산시단원구 선부광장서로1길 15 효자상가103호,031-401-1417
639,안서점,충청남도,천안시동남구,충청남도 천안시동남구 중암1길 17,041-555-7333
640,안성2점,경기도,안성시,경기도 안성시 신건지동 1-2,031-675-7680
641,안양5동점,경기도,안양시만안구,경기도 안양시만안구 안양동 388-12,031-442-9292
642,안의점,경상남도,함양군,경상남도 함양군 안의면 금천리 203-4,055-964-1106
643,안정점,경상남도,통영시,경상남도 통영시 광도면 안정로 807,055-648-4858
644,안중점,경기도,평택시,경기도 평택시 안중읍 안현로서7길 16,031-682-9915
645,안흥점,강원도,횡성군,강원도 횡성군 안흥면 안흥길 37-1,033-342-4018
646,암사2점,서울특별시,강동구,"서울특별시 강동구 구천면로 337, 1층 (암사동)",02-429-6692
647,암사역점,서울특별시,강동구,서울특별시 강동구 암사1동 501-25,02-442-9200
648,앙성점,충청북도,충주시,충청북도 충주시 앙성면 가곡로 1033-1,043-855-0561
649,애월점,제주특별자치도,제주시,제주특별자치도 제주시 애월읍 애월리 1717-6,064-799-4482
650,야탑점,경기도,성남시분당구,"경기도 성남시분당구 야탑로139번길 18-3 (야탑동,1층)",031-705-4999
651,약대점,경기도,부천시오정구,경기도 부천시오정구 삼정동 318-5 1층,032-671-5823
652,약목점,경상북도,칠곡군,경상북도 칠곡군 약목면 약목로 94-2(2층 건물내 1층),054-974-5074
653,약수역점,서울특별시,중구,서울특별시 중구 신당동 321-1 1층,02-2238-4554
654,양곡1점,경기도,김포시,경기도 김포시 양촌읍 양곡2로60번길 53 101호,031-996-0729
655,양덕원점,강원도,홍천군,강원도 홍천군 남면 시동로 4,033-432-3979
656,양덕합성점,경상남도,창원시마산회원구,경상남도 창원시마산회원구 합성동 733-3,055-256-9930
657,양동점,경기도,양평군,경기도 양평군 양동면 양동시장길 6-5,031-771-9945
658,양문점,경기도,포천시,경기도 포천시 영중면 양문로 98-1,031-534-3849
659,양벌점,경기도,광주시,경기도 광주시 오포읍 양벌로 190,031-766-1204
660,양성점,경기도,안성시,경기도 안성시 양성면 읍내길 26,031-674-1562
661,양수리점,경기도,양평군,경기도 양평군 양서면 양수로150번길 9-2,031-772-6419
662,양재점,서울특별시,서초구,서울특별시 서초구 양재동 8-71 광성빌딜 1층,02-574-8631
663,양정염포점,울산광역시,북구,울산광역시 북구 염포로 591-1(양정동),052-288-8019
664,양평동부점,경기도,양평군,경기도 양평군 양평읍 시민로 30,031-771-6116
665,양평옥천점,경기도,양평군,"경기도 양평군 옥천면 북부길9번길, 5",031-774-0340
666,양평용문점,경기도,양평군,경기도 양평군 용문역길 7,031-772-4787
667,양평점,경기도,양평군,경기도 양평군 양평읍 중앙로167번길 62,031-771-2213
668,어양점,전라북도,익산시,전라북도 익산시 고봉로18길 107(어양동),063-831-7804
669,언양점,울산광역시,울주군,울산광역시 울주군 언양읍 읍성로 40,052-263-1305
670,엄사금암점,충청남도,계룡시,충청남도 계룡시 엄사면 번영2길 4-41 101,042-841-6007
671,엄정점,충청북도,충주시,충청북도 충주시 엄정면 내창로 205,043-852-2919
672,에코점,인천광역시,남동구,인천광역시 남동구 논현동 739-1,032-437-3006
673,여월점,경기도,부천시오정구,경기도 부천시오정구 여월동 52-4 1층,032-678-9292
674,여의도점,서울특별시,영등포구,"서울특별시 영등포구 여의나루로 117, 109(여의도동)",02-784-2228
675,여주점,경기도,여주시,경기도 여주시 여흥로 97,031-885-3600
676,역곡1점,경기도,부천시원미구,경기도 부천시원미구 역곡로 61 (역곡동),032-345-4908
677,역북점,경기도,용인시처인구,경기도 용인시처인구 중부대로1299  12 ,031-338-6641
678,연남동점,서울특별시,마포구,서울특별시 마포구 연남로 41(연남동),02-323-3823
679,연동점,제주특별자치도,제주시,제주특별자치도 제주시 연동 251-23,064-747-4700
680,연무대점,충청남도,논산시,충청남도 논산시 연무읍 안심로 127,041-742-0946
681,연봉점,강원도,홍천군,강원도 홍천군 홍천읍 무궁화로 88,033-433-7266
682,연성점,경기도,시흥시,"경기도 시흥시 인선길 100, 107호(장곡동, 연성프라자)",031-317-6977
683,연수3점,인천광역시,연수구,인천광역시 연수구 연수동 540 문남상가 107호,032-813-0391
684,연수5점,인천광역시,연수구,"인천광역시 연수구 먼우금로 126, 107호(동춘동, 대림현대)",032-812-2710
685,연수6점,인천광역시,연수구,"인천광역시 연수구 샘말로 106-7(연수동, 1층 일부)",032-816-6675
686,연수동점,충청북도,충주시,충청북도 충주시 연원로 28(연수동),043-848-3667
687,연수주공점,인천광역시,연수구,인천광역시 연수구 연수동 533 연수상가 103호,032-811-5544
688,연지점,경기도,안성시,경기도 안성시 연지동 16-1,031-674-9992
689,연천점,경기도,연천군,경기도 연천군 연천읍 연천로 262,031-834-3010
690,연풍점,경기도,파주시,경기도 파주시 파주읍 술이홀로 449,031-953-9289
691,연풍점(충북),충청북도,괴산군,충청북도 괴산군 연풍면 향교로 28,043-833-5227
692,염창동점,서울특별시,강서구,서울특별시 강서구 공항대로65길 51. 1층(염창동),02-3664-5261
693,영광점,전라남도,영광군,전라남도 영광군 영광읍 남천리 312-2,061-352-1788
694,영덕점,경상북도,영덕군,경상북도 영덕군 영덕읍 중앙길 120-3,054-733-7799
695,영동아파트점,서울특별시,강남구,"서울특별시 강남구 역삼로64길 11, 1층(대치동)",02-562-1296
696,영등포점,서울특별시,영등포구,"서울특별시 영등포구 양산로 137, 1층(당산동3가)",02-2672-1454
697,영산점,경상남도,창녕군,경상남도 창녕군 영산면 서리상촌길321,055-536-9289
698,영오점,경상남도,고성군,경상남도 고성군 영오면 영회로 514,055-672-9310
699,영운동점,충청북도,청주시상당구,충청북도 청주시상당구 영운로 34-1(영운동),043-259-4618
700,영월삼호점,강원도,영월군,강원도 영월군 영월읍 단종로 88,033-374-6241
701,영월점,강원도,영월군,강원도 영월군 영월읍 은행나무길 19,033-374-4796
702,영주지사, ,,,
703,영주풍기점,경상북도,영주시,경상북도 영주시 풍기읍 풍기로 49-1,054-636-5915
704,영천시장점,서울특별시,서대문구,서울특별시 서대문구 천연동 1 냉천동 190,02-312-1719
705,영통2점,경기도,수원시영통구,경기도 수원시영통구 영통동 955-1 황골마을1단지 상가-106,031-203-5589
706,예산1점,충청남도,예산군,충청남도 예산군 예산읍 예산리 천변로 179,041-332-2512
707,예산2점,충청남도,예산군,충청남도 예산군 예산읍 주교리 225-9,041-332-6376
708,예천점,경상북도,예천군,경상북도 예천군 예천읍 남본리 222-2번지,054-654-1951
709,오남리점,경기도,남양주시,경기도 남양주시 오남읍 진건오남로 626,031-575-9292
710,오류1점,서울특별시,구로구,서울특별시 구로구 고척로1길 5 (오류동),02-2613-8781
711,오목천점,경기도,수원시권선구,경기도 수원시권선구 삼천병마로 1592번길 3(오목천동),031-293-9003
712,오산1점,경기도,오산시,경기도 오산시 오산로 190번길 24,031-375-2300
713,오산2점,경기도,오산시,경기도 오산시 오산로 226번길 18(원동),031-374-5158
714,오성점,경기도,평택시,경기도 평택시 오성면 숙성리 137-7,031-681-4076
715,오정점,경기도,부천시오정구,"경기도 부천시오정구 오정로 244번 45, (오정동,1층)",032-679-1684
716,오천원동점,경상북도,포항시남구,경상북도 포항시남구 오천읍 냉천로302번길 51,054-292-8199
717,오학점,경기도,여주시,"경기도 여주시 현암2길   28-11, 1층8호",031-885-8383
718,옥계점(대전),대전광역시,중구,대전광역시 중구 대종로 59(옥계동),042-272-9292
719,옥산점,경상북도,경산시,경상북도 경산시 성암로 10길 2-12(옥산동),053-813-1396
720,옥수동점,서울특별시,성동구,"서울특별시 성동구 독서당로39길 48, 1층 (옥수동)",02-2297-9998
721,옥정점,경기도,양주시,"경기도 양주시 옥정동로5다길 12, 1층(옥정동)",031-842-5592
722,옥천점(충북),충청북도,옥천군,충청북도 옥천군 옥천읍 금구리 24-6,043-731-5574
723,옥포1점,경상남도,거제시,경상남도 거제시 옥포로 282,055-687-9204
724,온수리점,인천광역시,강화군,인천광역시 강화군 길상면 온수리 547-1,032-937-6270
725,온양1점,충청남도,아산시,충청남도 아산시 충무로 20번길 20,041-545-8178
726,와룡점,대구광역시,달서구,"대구광역시 달서구 이곡동로 32, 403-106(이곡동,성서와룡타운)",053-587-1745
727,와수리점,강원도,철원군,강원도 철원군 서면 와수리 168-1,033-458-4898
728,왕십리점,서울특별시,성동구,서울특별시 성동구 하왕십리2동 955-11,02-2293-8310
729,왜관점,경상북도,칠곡군,경상북도 칠곡군 왜관읍 구상길 180-1 삼성A104,054-973-3637
730,외동점,경상남도,김해시,경상남도 김해시 외동 1214-2,055-331-2009
731,요선동점,강원도,춘천시,강원도 춘천시 서부대성로48번 24,033-242-1798
732,욕장점,충청남도,보령시,충청남도 보령시 해수욕장4길 68(신흑동),041-932-9047
733,용강점,경상북도,경주시,경상북도 경주시 승삼1길 6-10,054-749-9591
734,용곡점,충청남도,천안시동남구,충청남도 천안시동남구 용곡동 583,041-592-9245
735,용담점,제주특별자치도,제주시,제주특별자치도 제주시 용담2동 359-51,064-744-4735
736,용연점,충청남도,아산시,충청남도 아산시 배방읍 장재리 1205,041-533-9982
737,용운점,대전광역시,동구,대전광역시 동구 용운동 307-8,042-284-7553
738,용원점,경상남도,창원시진해구,경상남도 창원시진해구 용재로29번길 5-17,055-552-0543
739,용인구성점,경기도,용인시기흥구,경기도 용인시기흥구 구성로 176(언남동),031-284-0848
740,용전점,대전광역시,대덕구,대전광역시 대덕구 중리동 246-25,042-622-9955
741,용현1호점,인천광역시,미추홀구,인천광역시 미추홀구 인주대로174번  36,032-866-9848
742,용현2호점,인천광역시,미추홀구,인천광역시 미추홀구 낙섬중로 11(용현동),032-887-9292
743,용현점,경기도,의정부시,"경기도 의정부시 충의로57번길 7-3(용현동, 1층)",031-851-6464
744,용호점,부산광역시,남구,"부산광역시 남구 용호로42번길 104(용호동,1층)",051-623-5543
745,용화점,충청남도,아산시,"충청남도 아산시 용화동 694, 101호",041-546-0002
746,우만.지동점,경기도,수원시팔달구,경기도 수원시팔달구 창룡대로 150 55(우만동),031-252-5731
747,우면동점,서울특별시,서초구,"서울특별시 서초구 바우뫼로7길 11, 1층 106호(우면동,우면아파트상가)",02-579-4046
748,우성점,충청남도,천안시서북구,충청남도 천안시서북구 직산읍 자은가리1길 68  ,041-584-4323
749,우암점,충청북도,청주시상당구,충청북도 청주시상당구 향군로 20(우암점),043-257-2722
750,우천점,강원도,횡성군,강원도 횡성군 우천면 수남로 333,033-343-9141
751,우현점,경상북도,포항시북구,경상북도 포항시북구 우현동 134-7 우현상가101호,054-248-3618
752,운남삼성점,광주광역시,광산구,광주광역시 광산구 운남동 387-22번지 삼성@ 상가 127호,062-953-2624
753,운정1점,경기도,파주시,"경기도 파주시 미래로 603, 상가동 203호(목동동)",031-948-9200
754,운정2점,경기도,파주시,"경기도 파주시 동패로 115, 상가동 122호",031-942-9245
755,운천점,경기도,포천시,경기도 포천시 영북면 운천로 10,031-533-7833
756,울산신정1점,울산광역시,남구,울산광역시 남구 봉월로164번길 4,052-275-1288
757,원곡동점,경기도,안산시단원구,"경기도 안산시단원구 원선로 55, 104호(원곡동)",031-411-5291
758,원동일산점,강원도,원주시,"강원도 원주시 무실로 96, 1층 (일산동)",033-743-2581
759,원미1점,경기도,부천시원미구,"경기도 부천시원미구 원미로 89-1, 1층(원미동)",032-652-7391
760,원북점,충청남도,태안군,충청남도 태안군 원북면 원이로 837,041-675-3231
761,원앙마을점,충청남도,천안시동남구,충청남도 천안시동남구 목천읍 삼성리 9-9 부영A상가 110,041-562-0033
762,원종3점,경기도,부천시오정구,경기도 부천시오정구 원종동 206-3,032-678-7275
763,원주역전점,강원도,원주시,강원도 원주시 원일로 208(학성동),033-743-6107
764,원주지사,테스트,테스트구,테스트 테스트구 테스트점 23-123,033-747-2691
765,원천점,경기도,수원시영통구,경기도 수원시영통구 매탄2동 동탄원천로1109번길 42 원천성일아파트상가동 103호,031-213-9292
766,원통점,강원도,인제군,강원도 인제군 북면 금강로 46,033-461-1919
767,월계동점,서울특별시,노원구,서울특별시 노원구 광운로2나길 11,02-911-3141
768,월계삼호점,서울특별시,노원구,서울특별시 노원구 월계3동 12-1 삼호4차 상가,02-975-3535
769,월곡2점,서울특별시,성북구,서울특별시 성북구 하월곡2동 37-18,02-913-5912
770,월봉점,충청남도,천안시서북구,충청남도 천안시서북구 월봉로 79,041-578-7782
771,월산부영점,충청남도,홍성군,충청남도 홍성군 홍성읍 월산로30번길 6,041-631-9222
772,월피주공점,경기도,안산시상록구,경기도 안산시상록구 월피동 446-2 주공상가 107호,031-414-4333
773,위례신도시점,경기도,성남시수정구,"경기도 성남시수정구 위례서일로3길 31, 101호(창곡동)",031-754-5070
774,위미점,제주특별자치도,서귀포시,제주특별자치도 서귀포시 남원읍 위미리 1759-2,064-764-1181
775,유구점,충청남도,공주시,충청남도 공주시 유구읍 중앙1길 88,041-841-0821
776,유성1점,대전광역시,유성구,대전광역시 유성구 게룡로60번길 60-2,042-822-6208
777,유성2점,대전광역시,유성구,대전광역시 유성구 장대동 269-8,042-822-4342
778,유천2점,대전광역시,중구,대전광역시 중구 유천동 127-7,042-585-7357
779,유천점,대전광역시,중구,대전광역시 중구 유천동 285-19,042-582-4488
780,율도점,인천광역시,서구,인천광역시 서구 신현동 173-35,032-581-3355
781,율량점,충청북도,청주시청원구,충청북도 청주시청원구 공항로 114,043-211-2428
782,율암온천점,경기도,화성시,경기도 화성시 팔탄면 온천로 454,031-353-8553
783,율하점,대구광역시,동구,대구광역시 동구 율하동로12길 12(율하동),053-963-9292
784,으뜸점,광주광역시,서구,광주광역시 서구 상무공원로 112 해광한신아파트상가 113호,062-371-8292
785,은빛점,경기도,고양시덕양구,경기도 고양시덕양구 화중로130번길 5-19,031-968-8295
786,은행나무점,서울특별시,금천구,서울특별시 금천구 탑골로 17,02-803-9721
787,은행점,경기도,성남시중원구,경기도 성남시중원구 산성대로582번 14. 1층(은행동),031-744-4460
788,은행택지점,경기도,시흥시,경기도 시흥시 은행로 107,031-312-2444
789,음봉점,충청남도,아산시,충청남도 아산시 음봉면 산동안길 10,041-533-3151
790,음성점,충청북도,음성군,충청북도 음성군 음성읍 시장로 95,043-873-7709
791,응암1점,서울특별시,은평구,서울특별시 은평구 응암동 124-17,02-353-6479
792,의당.신한점,충청남도,공주시,충청남도 공주시 의당면 연수원길 115-2 102호,041-858-9282
793,의정부지사, ,,,
794,이대점,서울특별시,마포구,"서울특별시 마포구 숭문16길 10, 1층(염리동)",02-711-5626
795,이도점,제주특별자치도,제주시,"제주특별자치도 제주시 도남로15길 4-12, 101(도남동)",064-759-9985
796,이동점,경기도,포천시,경기도 포천시 이동면 화동로 2105,031-532-8908
797,이매점,경기도,성남시분당구,경기도 성남시분당구 이매로 54 이매촌분산상가 101호,031-704-9595
798,이수점,충청남도,천안시서북구,충청남도 천안시서북구 백석동 433-3,041-569-9245
799,이원점,충청북도,옥천군,충청북도 옥천군 이원면 강청리 82-6,043-731-6646
800,이월점,충청북도,진천군,충청북도 진천군 이월면 진광로 789-1,043-536-8898
801,이주단지점,충청남도,당진시,충청남도 당진시 송악읍 신복운로6길 7(1층),041-358-8252
802,이천중앙점,경기도,이천시,경기도 이천시 서희로 37(중리동),031-634-0654
803,이천현대점,경기도,이천시,경기도 이천시 부발읍 경충대로2110번길 14,031-636-8595
804,이포점,경기도,여주시,경기도 여주시 금사면 이포로 60,031-884-9279
805,이화동점,서울특별시,종로구,서울특별시 종로구 대학로 52(연건동),02-745-0233
806,인계점,경기도,수원시팔달구,"경기도 수원시팔달구 권광로 317번 12, 상가동 지하1층6,7호",031-231-1592
807,인덕원점,경기도,안양시동안구,"경기도 안양시동안구 흥안대로517번 49, 1층(관양동)",031-423-9999
808,인동점,경상북도,구미시,경상북도 구미시 인동19길  36-1 1층,054-471-9991
809,인동점(대전),대전광역시,동구,대전광역시 동구 인동 147-7,042-271-2233
810,인월점,전라북도,남원시,전라북도 남원시 인월면 인월리 249-16,063-636-2381
811,인제점,강원도,인제군,강원도 인제군 인제읍 비봉로 3,033-461-2510
812,인제현리점,강원도,인제군,강원도 인제군 기린면 기린로 19,033-461-5132
813,인창점,경기도,구리시,경기도 구리시 건원대로99번길 49,031-551-2291
814,인천남부점,인천광역시,남동구,"인천광역시 남동구 성리로35번길 20-1(구월동, 1층)",032-469-3221
815,인천남촌점,인천광역시,남동구,인천광역시 남동구 남촌동로 52-1,032-469-3113
816,인천지사, ,,,
817,일도점,제주특별자치도,제주시,제주특별자치도 제주시 천수로 25-1,064-726-5592
818,일동점,경기도,포천시,경기도 포천시 일동면 화동로 1073,031-534-3700
819,일신점,인천광역시,부평구,인천광역시 부평구 일신동 111-4,032-501-4242
820,임계점,강원도,정선군,강원도 정선군 임계면 송계5길 5,033-562-3939
821,임광점,경기도,수원시영통구,경기도 수원시영통구 권선로 792 (매탄동),031-234-3396
822,임은점,경상북도,구미시,경상북도 구미시 임은길 50,054-462-1967
823,입암동점,강원도,강릉시,강원도 강릉시 성덕포남로 89-10,033-651-3366
824,자양1점,서울특별시,광진구,"서울특별시 광진구 자양로13다길 47(자양동, 1층)",02-446-4477
825,자양3점,서울특별시,광진구,서울특별시 광진구 뚝섬로 693,02-456-9276
826,자양점,대전광역시,동구,대전광역시 동구 자양동 190-36,042-626-7111
827,자유점,강원도,원주시,"강원도 원주시 자유시장길 7, 22-3(중앙동)",033-745-8552
828,작전1점,인천광역시,계양구,"인천광역시 계양구 주부토로 468(작전동, 상가동1층6호)",032-554-8892
829,작전3점,인천광역시,계양구,인천광역시 계양구 효성동 197-19,032-547-5731
830,작전현대점,인천광역시,계양구,인천광역시 계양구 작전동 580-1 현대아파트상가 1층,032-546-2672
831,잠실새마을점,서울특별시,송파구,"서울특별시 송파구 백제고분로7길 39, 1층 106호(잠실동,고려빌딩)",02-417-3599
832,장계점,전라북도,장수군,전라북도 장수군 장계면 한들로 81,063-352-8292
833,장기1점,경기도,김포시,경기도 김포시 장기동 1968-3,031-981-2006
834,장기월드점,경기도,김포시,"경기도 김포시 전원로 32, 116호(장기동, 월드상가)",031-998-9595
835,장락고암점,충청북도,제천시,충청북도 제천시 신죽하로 83-24(장락동),043-644-4578
836,장량점,경상북도,포항시북구,경상북도 포항시북구 장량로87번길 6-15,054-255-9992
837,장림점,부산광역시,사하구,부산광역시 사하구 장림동 641-180,051-263-8302
838,장미점,서울특별시,송파구,서울특별시 송파구 신천동 7 장미 B-202,02-415-6161
839,장성점,강원도,태백시,강원도 태백시 장성시장1길 3(장성동),033-581-3236
840,장수점,경상북도,영주시,경상북도 영주시 장수면 장수로 48,054-637-4429
841,장암주공점,경기도,의정부시,경기도 의정부시 회룡로 223 (장암주공5단지아파트),031-873-8181
842,장양리점,강원도,원주시,강원도 원주시 소초면 장막1길 7,033-747-3477
843,장위동점,서울특별시,성북구,서울특별시 성북구 장월로 90,02-941-9300
844,장유2점,경상남도,김해시,경상남도 김해시 대청동 291-1 ,055-313-9797
845,장유점,경상남도,김해시,경상남도 김해시 무계동 278,055-312-5197
846,장평점,경상남도,거제시,경상남도 거제시 장평3로4길 24,055-635-3879
847,장항점,충청남도,서천군,충청남도 서천군 장항읍 장항로 125-1,041-956-5282
848,장현점,경기도,남양주시,경기도 남양주시 진접읍 봉현로36번길 12,031-571-7800
849,장호원점,경기도,이천시,경기도 이천시 장호원읍 샘재로147번길 26,031-641-4170
850,장흥관산점,전라남도,장흥군,전라남도 장흥군 관산읍 관산로 119-1,061-867-7970
851,장흥점,전라남도,장흥군,전라남도 장흥군 장흥읍 동교3길 8,061-863-8191
852,적성점,경기도,파주시,경기도 파주시 적성면 청송로 1020,031-959-3600
853,전곡터미널점,경기도,연천군,경기도 연천군 전곡읍 온골로 56,031-832-3170
854,전남금산점,전라남도,고흥군,전라남도 고흥군 금산면 대흥리 360-20,061-842-7471
855,전대리점,경기도,용인시처인구,경기도 용인시처인구 포곡읍 전대로78번길 3-1,031-333-2272
856,전대점,광주광역시,북구,광주광역시 북구 서양로 46,062-251-9222
857,전민점,대전광역시,유성구,"대전광역시 유성구 전민로10번길 49(전민동, 1층)",042-862-9962
858,전북지사, ,,,
859,전하점,울산광역시,동구,울산광역시 동구 전하동 618-8,052-252-7702
860,점동점,경기도,여주시,경기도 여주시 점동면 청안로 134,031-882-2328
861,정관점,부산광역시,기장군,부산광역시 기장군 정관읍모전3길 37,051-728-9992
862,정남점,경기도,화성시,경기도 화성시 정남면 괘량리 1048-3,031-352-1780
863,정릉점,서울특별시,성북구,서울특별시 성북구 돈암동 43-6,02-911-6329
864,정릉행복점,서울특별시,성북구,서울특별시 성북구 정릉동 372-47,02-943-1960
865,정림점,대전광역시,서구,대전광역시 서구 정림동 666번지,042-585-9289
866,정산점,충청남도,청양군,충청남도 청양군 정산면 서정리 168,041-943-2308
867,정선점,강원도,정선군,강원도 정선군 정선읍 정선로 1352,033-562-1072
868,정자점,경기도,성남시분당구,"경기도 성남시분당구 황새울로116번 28, 1층(정자동)",031-713-9599
869,정자점(수원),경기도,수원시장안구,경기도 수원시장안구 장안로 183,031-268-1576
870,제물포점,인천광역시,미추홀구,인천광역시 미추홀구 장천로112번길 10 1층,032-876-1153
871,제부도점,경기도,화성시,경기도 화성시 서신면 해안길 246-1,031-357-2938
872,제주동문점,제주특별자치도,제주시,제주특별자치도 제주시 일도1동 1084-13,064-757-3522
873,제주지사, ,,,
874,제천역전점,충청북도,제천시,충청북도 제천시 내토로 435-1,043-643-1885
875,조암점,경기도,화성시,경기도 화성시 우정읍 조암서로22번길 21,031-358-6843
876,조양동점,강원도,속초시,강원도 속초시 동해대로 3998(조양동),033-636-2270
877,조원점,경기도,수원시장안구,경기도 수원시장안구 송정로187번길 49,031-248-0088
878,조원주공점,경기도,수원시장안구,경기도 수원시장안구 금당로39번길 34 주공APT2단지상가1/2 101,031-268-9233
879,조치원2점,세종특별자치시,조치원읍,"세종특별자치시  조치원읍 새내로 65-1, 1층",044-866-3030
880,조치원3점,세종특별자치시,조치원읍,세종특별자치시  조치원읍 충현로 159 욱일@상가B07호,044-862-2020
881,종로낙원점,서울특별시,종로구,서울특별시 종로구 낙원동 49,02-765-0508
882,주공1점,경기도,평택시,경기도 평택시 평택2로 108 (비전동),031-654-9993
883,주덕점,충청북도,충주시,충청북도 충주시 주덕읍 신양로 109,043-845-6421
884,주문진점,강원도,강릉시,강원도 강릉시 주문진읍 주문로 117,033-661-0006
885,주안2동점,인천광역시,미추홀구,인천광역시 미추홀구 경인로 326번 49,032-872-4605
886,주안점,인천광역시,미추홀구,인천광역시 미추홀구 염창로 84-3,032-864-4335
887,주원점,인천광역시,미추홀구,인천광역시 미추홀구 주안동 1593-34,032-439-2743
888,주천점,강원도,영월군,강원도 영월군 주천면 주천로 88-1,033-372-2840
889,주촌점,경상남도,김해시,경상남도 김해시 주촌면 주선로76,055-327-6008
890,죽림점,경상남도,통영시,"경상남도 통영시 광도면 죽림1로 17-37, 102호(용문빌딩1층)",055-642-0038
891,죽변점,경상북도,울진군,경상북도 울진군 죽변면 죽변북로 59,054-782-3388
892,죽산점,경기도,안성시,경기도 안성시 죽산면 중서길 1,031-676-3152
893,죽전점,경기도,용인시수지구,"경기도 용인시수지구 대지로 62, 104(죽전동)",031-261-9595
894,죽정점,충청남도,보령시,충청남도 보령시 죽정동 646-9,041-936-5293
895,중곡1점,서울특별시,광진구,"서울특별시 광진구 용마산로7길 20(중곡동, 1층)",02-455-3688
896,중곡2점,서울특별시,광진구,서울특별시 광진구 중곡동 199-27,02-468-9658
897,중동1점,경기도,부천시원미구,경기도 부천시원미구 중동 805-2 중앙 103호,032-662-6858
898,중동동성점,경기도,부천시원미구,"경기도 부천시원미구 조마루로 233, 상가동1층121호(중동, 미리내마을)",032-323-5500
899,중리점,대구광역시,서구,대구광역시 서구 국채보상로38길 57-1,053-562-9595
900,중리점(대전),대전광역시,대덕구,대전광역시 대덕구 중리남로 20,042-624-0430
901,중마점,전라남도,광양시,전라남도 광양시 중동 1681번지 태영@ 상가 106호,061-794-0909
902,중문점,제주특별자치도,서귀포시,제주특별자치도 서귀포시 천제연로185번 3-1,064-738-8483
903,중산점,경기도,고양시일산동구,경기도 고양시일산동구 탄중로 416 상가 109,031-976-0343
904,중앙점(경주),경상북도,경주시,경상북도 경주시 노동동 236-1,054-742-1640
905,중촌점,대전광역시,중구,대전광역시 중구 목중로39번길 21,042-252-7008
906,중화산동점,전라북도,전주시완산구,"전라북도 전주시완산구 따박골2길 3(중화산동2가, 1층)",063-228-5700
907,중흥리점,충청남도,당진시,충청남도 당진시 송악읍 송악로 685,041-358-0444
908,중흥설악점,경기도,부천시원미구,경기도 부천시원미구 중동 1052 중흥주공상가 204,032-324-7511
909,증산동점,서울특별시,은평구,서울특별시 은평구 증산동 159-14,02-304-9346
910,증평점,충청북도,증평군,충청북도 증평군 증평읍 중앙로173,043-838-4015
911,지경리점,강원도,철원군,강원도 철원군 김화읍 청양로84,033-458-3990
912,지곡점,충청남도,서산시,충청남도 서산시 지곡면 무장리 920 오스카빌 103,041-663-9985
913,지리산온천점,전라남도,구례군,전라남도 구례군 산동면 관산리 715-2번지,061-783-7834
914,지원점,광주광역시,동구,광주광역시 동구 소태동 653-4,062-228-9292
915,지평점,경기도,양평군,경기도 양평군 지평면 지평의병로 96,031-773-7125
916,직산부영점,충청남도,천안시서북구,충청남도 천안시서북구 직산읍 군수1길 10 부영아파트상가 107호,041-581-1210
917,직산점,충청남도,천안시서북구,충청남도 천안시서북구 직산읍 삼은리 76-177,041-583-2077
918,진달래점,서울특별시,강남구,서울특별시 강남구 역삼동 779-9,02-567-9779
919,진도점,전라남도,진도군,전라남도 진도군 진도읍 옥주길 22,061-544-3188
920,진량점,경상북도,경산시,경상북도 경산시 진량읍 황제리 70-1 창신황제상가 203,053-856-9959
921,진보점,경상북도,청송군,경상북도 청송군 진보면 진안리 384-4,054-874-2800
922,진부점,강원도,평창군,강원도 평창군  진부면 진부중앙로 70,033-335-1442
923,진우점,강원도,원주시,강원도 원주시 현충로 272(태장동),033-742-8371
924,진잠점,대전광역시,유성구,대전광역시 유성구 원내동 343-6,042-543-5565
925,진주대곡점,경상남도,진주시,경상남도 진주시 대곡면 광석리 315-1,055-744-2880
926,진천대곡점,대구광역시,달서구,대구광역시 달서구 상화로21길 49(진천동),053-635-7709
927,진천점,충청북도,진천군,"충청북도 진천군 진천읍 문화로 237-18, 101호",043-533-4369
928,진하점,울산광역시,울주군,울산광역시 울주군 서생면 깨목길 28,052-238-8182
929,참이슬점,경기도,평택시,경기도 평택시 참이슬길 16,031-654-9923
930,창녕점,경상남도,창녕군,경상남도 창녕군 창녕읍 명덕로 48,055-532-3826
931,창동역점,서울특별시,도봉구,서울특별시 도봉구 창동 135-14 1층 103,02-900-9297
932,창신동점,서울특별시,종로구,"서울특별시 종로구 지봉로5길 12, 1층(창신동)",02-741-9292
933,창현점,경기도,남양주시,경기도 남양주시 화도읍 창현로  60(신명상가 108호),031-595-4560
934,천리점,경기도,용인시처인구,경기도 용인시처인구 이동면 백옥대로 623,031-332-2401
935,천마점,경기도,남양주시,경기도 남양주시 화도읍 멋갓로28번길 36,031-594-8852
936,천북점,충청남도,보령시,충청남도 보령시 천북면 하궁길 2,041-641-8292
937,천안3점,충청남도,천안시동남구,충청남도 천안시동남구 봉정로 18,041-572-9930
938,천안4점,충청남도,천안시동남구,충청남도 천안시동남구 오룡동 63-12,041-569-9415
939,천안7단지점,충청남도,천안시서북구,"충청남도 천안시서북구 쌍용11길 57 109(쌍용동, 주공아파트 7단지상가)",041-571-1137
940,천안백석점,충청남도,천안시서북구,충청남도 천안시서북구 백석5길 23-1(백석동),041-522-7888
941,천안신당점,충청남도,천안시서북구,충청남도 천안시서북구 신당동 271-9,041-553-9445
942,천안신방점,충청남도,천안시동남구,충청남도 천안시동남구 서부대로 피오레상가103 ,041-575-9292
943,천안청룡점,충청남도,천안시동남구,충청남도 천안시동남구  구성2길 1(구성동),041-562-5608
944,천왕점,서울특별시,구로구,서울특별시 구로구 천왕로 56 천왕이펜하우스3단지 상가 1층 102호,02-2685-9592
945,천천2점,경기도,수원시장안구,경기도 수원시장안구 화서동 706 진흥@상가 105,031-298-3141
946,천호점,서울특별시,강동구,"서울특별시 강동구 천중로18길 53, 1층 (천호동)",02-476-6188
947,철산2점,경기도,광명시,경기도 광명시 철산2동 156-1 1층,02-2060-7717
948,철산3점,경기도,광명시,"경기도 광명시 도덕공원로 21-1. 비02호(철산동,힐타운상가)",02-2616-5553
949,첨단점,광주광역시,광산구,광주광역시 광산구 산월동 산월로 64,062-973-9991
950,청당점,충청남도,천안시동남구,"충청남도 천안시동남구 청수10길 12, 101",041-622-5522
951,청도점,경상북도,청도군,경상북도 청도군 청도읍 청화로 202-2,054-371-6633
952,청라2점,인천광역시,서구,인천광역시 서구 청라루비로 144번길 6-6,032-567-8292
953,청라점,충청남도,보령시,충청남도 보령시 청라면 당안길1,041-932-8334
954,청량리점,서울특별시,동대문구,"서울특별시 동대문구 왕산로 247, 1층(청량리동)",02-969-9595
955,청룡동점,서울특별시,관악구,서울특별시 관악구 청룡길 20,02-876-9294
956,청림점,경상북도,포항시남구,경상북도 포항시남구 청림동 588-2번지,054-291-7967
957,청북신도시점,경기도,평택시,경기도 평택시 청북면 옥길리 1165-7,031-686-8833
958,청북점,경기도,평택시,경기도 평택시 청북읍 신포길56,031-683-3071
959,청양점,충청남도,청양군,충청남도 청양군 청양읍 읍내리 203-40,041-943-0230
960,청일점,강원도,횡성군,강원도 횡성군 청일면 유동로 18,033-344-9288
961,청주용암점,충청북도,청주시상당구,충청북도 청주시상당구 무농정로3번길 36(용암동),043-297-9292
962,청천2점,인천광역시,부평구,인천광역시 부평구 청천2동 11-35,032-517-4564
963,청풍점,충청북도,제천시,"충청북도 제천시 청풍면 청풍호로58번길, 10-16",043-648-0097
964,초가점,경기도,포천시,경기도 포천시 소흘읍 검바위길 84,031-543-1800
965,초계점,경상남도,합천군,경상남도 합천군 초계면 초계리 89-1,055-933-6922
966,초원점,충청남도,아산시,충청남도 아산시 좌부동 84 초원상가 103,041-549-0009
967,초월점,경기도,광주시,경기도 광주시 초월읍 경춘대로 1043,031-767-4166
968,초지1점,경기도,안산시단원구,경기도 안산시단원구 초지동 734-5 한양타워 114호,031-402-9979
969,총신대점,서울특별시,동작구,서울특별시 동작구 사당5동 213-7,02-588-3581
970,추풍령점,충청북도,영동군,충청북도 영동군 추풍령면 신안로 52-1,043-742-2548
971,춘천명동점,강원도,춘천시,강원도 춘천시 금강로76번길 (조양동),033-253-9566
972,춘천터미널점,강원도,춘천시,강원도 춘천시 공지로 458(근화동),033-253-8490
973,춘천팔호광장점,강원도,춘천시,강원도 춘천시 효자로 154(효자동),033-253-8578
974,충남덕산점,충청남도,예산군,충청남도 예산군 덕산면 읍내리 342-1,041-338-0707
975,충청지사, ,,,
976,충효점,경상북도,경주시,경상북도 경주시 충효중앙길 65(충효동),054-771-9964
977,칠곡2점,대구광역시,북구,대구광역시 북구 구암동 674-4,053-323-5515
978,칠금점,충청북도,충주시,"충청북도 충주시 금릉로 45, 109(칠금동, 현대아파트상가동)",043-854-2900
979,칠보점,경기도,수원시권선구,경기도 수원시권선구 금호로 2 1층 102호,031-293-2443
980,칠성점,대구광역시,북구,"대구광역시 북구 칠성로15길  8, 1층",053-428-2977
981,침산점,대구광역시,북구,대구광역시 북구 침산동 1466-1,053-353-0396
982,탄방점,대전광역시,서구,대전광역시 서구 탄방동 804,042-489-8008
983,탄현점,경기도,고양시일산서구,경기도 고양시일산서구 탄현로 74,031-911-9229
984,탕정점,충청남도,아산시,충청남도 아산시 탕정면 탕정면로 230-11,041-543-9298
985,태백점,강원도,태백시,강원도 태백시 먹거리길  66,033-553-0155
986,태백주공점,강원도,태백시,강원도 태백시 감천로 28(황지동),033-553-5619
987,태안점,충청남도,태안군,충청남도 태안군 태안읍 시장2길 42,041-672-4441
988,태장점,강원도,원주시,강원도 원주시 북원로 2696(태장동),033-742-9192
989,태전동점,경기도,광주시,경기도 광주시 태봉로 31-3 105호(태전동),031-798-3361
990,태전점,대구광역시,북구,대구광역시 북구 태전동 162-30,053-312-1977
991,"태평1,3동점",경기도,성남시수정구,"경기도 성남시수정구 남문로 14, 1층 일부호 (태평동)",031-754-2456
992,"태평2,4동점",경기도,성남시수정구,"경기도 성남시수정구 남문로102번길 1(태평동, 1층)",031-756-5544
993,태평2점,대전광역시,중구,대전광역시 중구 태평동 334-7,042-534-4455
994,태평상가점,인천광역시,계양구,"인천광역시 계양구 계산4동 1085-2, 3 태평@상가 114",032-552-0921
995,테크노점,충청북도,청주시흥덕구,충청북도 청주시흥덕구 송절동 822,043-268-7798
996,테크노점(대구),대구광역시,달성군,대구광역시 달성군 유가면 테크노상업로 98,053-616-9980
997,테크노점(아산),충청남도,아산시,충청남도 아산시 둔포면 석곡리 1520 아산테크노빌딩 102,041-545-5592
998,토곡점,부산광역시,연제구,부산광역시 연제구 연산동 410-2,051-753-9992
999,통영1점,경상남도,통영시,"경상남도 통영시 중앙로 255 106호(북신동,동우상가)",055-646-0339
1000,통영2점,경상남도,통영시,경상남도 통영시 도천동 1021-1 영생상가나동 111호,055-643-4040
1001,퇴계동점,강원도,춘천시,"강원도 춘천시 행촌로32번길  5-6, 1층",033-257-4134
1002,퇴계원점,경기도,남양주시,경기도 남양주시 퇴계원면 경춘북로 520번길 4,031-572-2980
1003,퇴계주공점,강원도,춘천시,강원도 춘천시 지석로 74-11 A13(퇴계동),033-262-9298
1004,퇴촌점,경기도,광주시,경기도 광주시 퇴촌면 광동로 97,031-766-5633
1005,파동점,대구광역시,수성구,대구광역시 수성구 파동 199-22 1층,053-768-0770
1006,파인힐(공단점),경기도,시흥시,경기도 시흥시 마유로 226 120호,031-319-0084
1007,파장2점,경기도,수원시장안구,"경기도 수원시장안구 파장천로 44번 88, 1층(파장동)",031-251-8944
1008,파장점,경기도,수원시장안구,경기도 수원시장안구 파장로 79(정자동),031-246-7970
1009,판암2점,대전광역시,동구,대전광역시 동구 판암동 234 6단지상가 101,042-272-2999
1010,팽성점,경기도,평택시,"경기도 평택시 팽성읍 안정쇼핑로 77-2, 12",031-691-6916
1011,평거점,경상남도,진주시,경상남도 진주시 진양호로 187,055-745-3119
1012,평내점,경기도,남양주시,경기도 남양주시 경춘로 1302,031-591-3731
1013,평리점,대구광역시,서구,대구광역시 서구 평리동 618-1,053-562-5997
1014,평원점,강원도,원주시,강원도 원주시 평원로 67(평원동),033-748-0567
1015,평창점(강원),강원도,평창군,강원도 평창군 평창읍 평창중앙로 84,033-333-0010
1016,평촌3점,경기도,안양시동안구,경기도 안양시동안구 관양동 1589-1 한가람상가 103호,031-381-7457
1017,평촌5점,경기도,안양시동안구,"경기도 안양시동안구 동안로 2.109(호계동,무궁화진흥아파트상가)",031-381-6777
1018,평택1점,경기도,평택시,"경기도 평택시 중앙로 19(통복동, 2층)",031-654-5474
1019,평택지산점,경기도,평택시,경기도 평택시 지산동 1130,031-664-7272
1020,포남동점,강원도,강릉시,강원도 강릉시  강릉대로527번 15,033-651-3624
1021,포남로얄점,강원도,강릉시,강원도 강릉시  경강로 2265(포남동),033-642-1119
1022,포도원점,경기도,안양시동안구,경기도 안양시동안구 호계동 859-13,031-458-8408
1023,포승점,경기도,평택시,경기도 평택시 포승읍 석정리 1257-13 1층 3,031-682-1007
1024,포천점,경기도,포천시,경기도 포천시 중앙로 184,031-535-9588
1025,포항이동점,경상북도,포항시남구,경상북도 포항시남구 대잠동 469-3,054-275-9972
1026,포항장성점,경상북도,포항시북구,경상북도 포항시북구 성실로 24-1,054-254-9401
1027,포항터미널점,경상북도,포항시남구,경상북도 포항시남구 중섬로 25(대잠동),054-284-9952
1028,표선점,제주특별자치도,서귀포시,제주특별자치도 서귀포시 표선면 표선리 839-7,064-787-0075
1029,풍납점,서울특별시,송파구,서울특별시 송파구 풍성로 24(풍납동),02-474-7649
1030,풍동식사점,경기도,고양시일산동구,경기도 고양시일산동구 숲속마을2로 100,031-907-9290
1031,풍무2점,경기도,김포시,"경기도 김포시 풍무로 51, 101(풍무동)",031-997-8592
1032,풍산마실점,경기도,하남시,"경기도 하남시 미사강변한강로334번안길 13, 1층 (망월동)",031-795-7194
1033,하남신도시점,경기도,하남시,경기도 하남시 신장2동 528 현대A 116-115,031-793-7834
1034,하늘도시점,인천광역시,중구,인천광역시 중구 중산동 1885-11,032-751-3147
1035,하당동아점,전라남도,목포시,전라남도 목포시 신흥로45번길 2 상가112호,061-283-0015
1036,하당부영점,전라남도,목포시,전라남도 목포시 삼향천로91번길 26(옥암동),061-281-9943
1037,하대원점,경기도,성남시중원구,"경기도 성남시중원구 마지로155번길 25-7(하대원동,1층)",031-755-0521
1038,하동점,경상남도,하동군,경상남도 하동군 하동읍 읍내리 1283-2,055-883-7985
1039,하북점,경기도,평택시,경기도 평택시 진위면 하북4길 3,031-668-0933
1040,하성점,경기도,김포시,경기도 김포시 하성면 애기봉로806번길 67,031-989-1909
1041,하소동점,충청북도,제천시,충청북도 제천시 용두대로21길 9(하소동),043-644-4507
1042,하안1점,경기도,광명시,"경기도 광명시 안현로 19(하안동, 단지상가 111호)",02-809-6638
1043,하안5점,경기도,광명시,경기도 광명시 하안1동 702-2 5단지 일반상가 109,02-899-0119
1044,하안7점,경기도,광명시,경기도 광명시 하안3동 295-1 주공7단지 종합상가 106,02-803-5789
1045,하안9점,경기도,광명시,경기도 광명시 하안동 13-2 9단지 종합상가 101,02-892-6923
1046,학다리점,강원도,홍천군,강원도 홍천군  홍천읍 꽃뫼로 120,033-433-6887
1047,학성점,강원도,원주시,강원도 원주시 천사로 164(일산동),033-748-4456
1048,학익점,인천광역시,미추홀구,인천광역시 미추홀구 한나루로 425  1층,032-868-0900
1049,학장점,부산광역시,사상구,부산광역시 사상구 학감대로 129,051-316-9700
1050,학하.한밭대점,대전광역시,유성구,대전광역시 유성구 학하남로19번길 16(계산동),042-825-9280
1051,한대역점,경기도,안산시상록구,"경기도 안산시상록구 사동 1186-8, 101호",031-437-3392
1052,한림점,제주특별자치도,제주시,제주특별자치도 제주시 한림읍 한림중앙로 3-1,064-796-7603
1053,한솔새롬점,세종특별자치시,새롬북로,세종특별자치시  새롬북로 13,044-868-9239
1054,한솔점,경기도,성남시분당구,"경기도 성남시분당구 정자로 113, 한솔마을5단지상가101호(정자동)",031-713-6615
1055,한신점,인천광역시,서구,인천광역시 서구 서곶로 12 한신종합상가 208호,032-574-9300
1056,한아름점,경기도,부천시원미구,경기도 부천시원미구 상동 393,032-325-2629
1057,한주점,경기도,의정부시,경기도 의정부시 평화로322번길 18(호원동),031-871-1717
1058,함덕점,제주특별자치도,제주시,제주특별자치도 제주시 초천읍 평사길 4-3,064-783-9193
1059,함백점,강원도,정선군,강원도 정선군 신동읍 함백로 319,033-378-7637
1060,함양점,경상남도,함양군,경상남도 함양군 함양읍 용평리 702-12,055-963-7474
1061,함평점,전라남도,함평군,전라남도 함평군 함평읍 광남길 83,061-324-8892
1062,합덕점,충청남도,당진시,충청남도 당진시 합덕읍 합덕시장로 176,041-362-5366
1063,합정동점,서울특별시,마포구,서울특별시 마포구 포은로 52(합정동),02-323-8065
1064,합포점,경상남도,창원시마산합포구,경상남도 창원시마산합포구 장군동4가 24-6,055-222-3592
1065,해남점,전라남도,해남군,전라남도 해남군 해남읍 중앙1로 98,061-536-5700
1066,해미점,충청남도,서산시,충청남도 서산시 해미면 남문5로 4,041-688-9292
1067,해방촌점,서울특별시,용산구,서울특별시 용산구 용산동2가 1-46,02-774-3110
1068,해운대점,부산광역시,해운대구,부산광역시 해운대구 우동 541-5 해운대비치오피스텔 101,051-744-3803
1069,해운대좌동주공2,부산광역시,해운대구,부산광역시 해운대구 좌동순환로 118 주공2단지 분산상가 나-105,051-701-8181
1070,행당동점,서울특별시,성동구,"서울특별시 성동구 행당로 119 (행당동,1층)",02-2294-6676
1071,향남점,경기도,화성시,"경기도 화성시 향남읍 행정서로 1길 44, 103호",031-8059-2288
1072,혁신점,강원도,원주시,강원도 원주시 건강로 17-3 (101),033-732-9595
1073,혁신점(충북),충청북도,진천군,충청북도 진천군 덕산읍 두촌리 2463,043-533-6838
1074,현대점(수원),경기도,수원시권선구,경기도 수원시권선구 세지로82번길 37(권선동),031-239-5225
1075,현리점,경기도,가평군,"경기도 가평군 조종면 현창로 50, 1층",031-585-1015
1076,호계매곡점,울산광역시,북구,울산광역시 북구 호계동 255-9,052-298-2007
1077,호계사거리점,경기도,안양시동안구,"경기도 안양시동안구 경수대로507번 13, 상가동 101호 (호계동,정화연립)",031-455-6333
1078,호성점,전라북도,전주시덕진구,전라북도 전주시덕진구 호성동 2길 9,063-245-9282
1079,호원점,경기도,의정부시,경기도 의정부시 신흥로 119번길 54,031-873-9295
1080,홍도점,대전광역시,동구,대전광역시 동구 홍도동 72-32,042-623-8177
1081,홍성2점,충청남도,홍성군,충청남도 홍성군 홍성읍 조양로 190,041-633-8148
1082,홍성주공점,충청남도,홍성군,충청남도 홍성군 홍성읍 문화로72번길 92,041-633-9284
1083,홍은1점,서울특별시,서대문구,서울특별시 서대문구 홍은2동 9-56 1층,02-391-9992
1084,홍은동점,서울특별시,서대문구,서울특별시 서대문구 홍은동 427-4,02-394-9454
1085,홍익대점,서울특별시,마포구,"서울특별시 마포구 독막로22길 21, 1층101호(창전동)",02-334-4161
1086,홍익점,경기도,안성시,"경기도 안성시 금광면 종합운동장로 132, 홍익아파트상가 107",031-671-1130
1087,화곡1점,서울특별시,강서구,"서울특별시 강서구 월정로28길 24(화곡동, 1층)",02-2691-9393
1088,화명점,부산광역시,북구,부산광역시 북구 화명동 1417-6,051-342-8833
1089,화봉.연암점,울산광역시,북구,울산광역시 북구 송내1길 18(화봉동),052-289-9941
1090,화서점,경기도,수원시팔달구,경기도 수원시팔달구 팔달로127번길 16-4(화서동),031-253-5522
1091,화성마도점,경기도,화성시,경기도 화성시 마도면 석교로 171,031-355-0019
1092,화성시청점,경기도,화성시,경기도 화성시 남양읍 역골로 3-20 ,031-357-9275
1093,화순점,전라남도,화순군,전라남도 화순군 화순읍 광덕로 142,061-374-5557
1094,화양동점,서울특별시,광진구,"서울특별시 광진구 능동로13길 70(화양동, 1층)",02-468-8163
1095,화원점,대구광역시,달성군,"대구광역시 달성군 화원읍 화원로2길, 27",053-634-2022
1096,화정점,광주광역시,서구,광주광역시 서구 화정동 766-1,062-375-8100
1097,환호점,경상북도,포항시북구,경상북도 포항시북구 삼호로 458,054-252-4762
1098,황간점,충청북도,영동군,충청북도 영동군 황간면 남성리 558-1,043-744-9266
1099,황성점,경상북도,경주시,경상북도 경주시 용담로92번길 43-4,054-746-1700
1100,황제점,대구광역시,서구,대구광역시 서구 내당동 69-26,053-558-5777
1101,회원교방점,경상남도,창원시마산회원구,경상남도 창원시마산회원구 회원남로 39-1,055-248-9211
1102,횡성점,강원도,횡성군,강원도 횡성군 횡성읍 태기로 35,033-343-3813
1103,횡성중앙점,강원도,횡성군,"강원도 횡성군 횡성읍 문정로19번길, 13-3",033-343-3371
1104,효가리점,강원도,동해시,"강원도 동해시 청운로 71(쇄운동, 104)",033-521-8185
1105,효돈점,제주특별자치도,서귀포시,제주특별자치도 서귀포시 하효동 142-1,064-767-2314
1106,효성1점,인천광역시,계양구,인천광역시 계양구 효성2동 273-91 층,032-547-8599
1107,효성2점,인천광역시,계양구,인천광역시 계양구 효성1동 31-4,032-548-9292
1108,효성점,인천광역시,남동구,인천광역시 남동구 백범로247번길 93-26,032-466-9333
1109,효자점(포항),경상북도,포항시남구,경상북도 포항시남구 효자동 119-1,054-252-7800
1110,후곡점,경기도,고양시일산서구,경기도 고양시일산서구 강선로 140,031-913-6062
1111,후평2동점,강원도,춘천시,강원도 춘천시 후만로 37,033-251-9252
1112,후포점,경상북도,울진군,경상북도 울진군 후포면 후포리 623-130,054-787-8575
1113,훼미리점,서울특별시,송파구,"서울특별시 송파구 중대로 24(문정동, 훼미리상가125호)",02-448-9200
1114,휴먼시아점,서울특별시,금천구,"서울특별시 금천구 금하로1가길 28 (독산동,지상1층)",02-898-2332
1115,휴천점,경상북도,영주시,경상북도 영주시 휴천2동 303-21,054-635-5553
1116,흑석동점,서울특별시,동작구,서울특별시 동작구 흑석동 96-3,02-814-5832
1117,흥업점,강원도,원주시,강원도 원주시 흥업면 남원로 82,033-763-4291
1118,흥해점,경상북도,포항시북구,경상북도 포항시북구 흠해흡 초곡지구로52번길 28-6,054-261-9982
1119,흰돌점,경기도,고양시일산동구,경기도 고양시일산동구 일산로 11 ,031-903-1333
1120,CNTTEST,00,18,00 18 신사동 주소,02-123-1234
